album,scenario,scope,threshold,lookback,eligible_lines,known_endings,unknown_endings,rhyme_links,pattern_links,repeat_only_links,rhyme_before_repeat_links,tentative_slant_links,repeated_syllables_uncredited,mean_rating,median_rating,total_rating_points,mean_syllables,median_syllables,total_rhymed_syllables,weighted_rhyme_syllables,weighted_syllables_per_100_lines,linked_line_percent,perfect_links,max_syllables
ICEMAN,threshold-80,verses,80,4,794,756,38,440,479,34,29,5,140,90.7818,92.0,39944,1.5818,1.0,696,621.88,78.3224,55.4156,96,5
ICEMAN,threshold-84,verses,84,4,794,756,38,433,473,35,28,5,141,91.1039,92,39448,1.5566,1,674,605.4,76.2469,54.534,96,5
ICEMAN,threshold-92,verses,92,4,794,756,38,358,409,45,25,6,167,94.5922,92.0,33864,1.3101,1.0,469,442.2,55.6927,45.0882,116,4
ICEMAN,adjacent-only,verses,84,1,794,755,39,306,353,42,26,5,169,90.4183,92.0,27668,1.3987,1.0,428,383.0,48.2368,38.539,53,4
ICEMAN,lyric-sections,lyric_sections,84,4,1090,1035,55,569,658,84,49,5,364,91.304,92,51952,1.536,1,874,785.96,72.1064,52.2018,128,6
ICEMAN,no-unmarked-adlib-removal,verses,84,4,794,754,40,417,462,39,28,6,147,91.0887,92,37984,1.5348,1,640,574.76,72.3879,52.5189,92,4
ICEMAN,raw-endpoints,verses,84,4,794,752,42,408,456,42,27,6,141,91.0098,92.0,37132,1.5417,1.0,629,564.48,71.0932,51.3854,86,4
ICEMAN,no-repeated-suffix-credit,verses,84,4,794,756,38,404,409,0,0,5,0,91.099,92.0,36804,1.5446,1.0,624,560.44,70.5844,50.8816,90,5
ICEMAN,include-tentative-slants,verses,84,4,794,756,38,438,473,35,28,5,141,90.9863,92.0,39852.0,1.5616,1.0,684,613.48,77.2645,55.1637,96,5
Illmatic,threshold-80,verses,80,4,499,481,18,185,190,2,4,3,12,92.8216,92,17172,1.2649,1,234,215.92,43.2705,37.0741,63,3
Illmatic,threshold-84,verses,84,4,499,481,18,182,187,2,4,3,12,93.033,92.0,16932,1.2527,1.0,228,211.12,42.3086,36.4729,63,3
Illmatic,threshold-92,verses,92,4,499,481,18,152,158,3,4,3,13,95.5789,92.0,14528,1.1842,1.0,180,172.0,34.4689,30.4609,68,3
Illmatic,adjacent-only,verses,84,1,499,481,18,162,168,3,4,3,13,93.358,92.0,15124,1.2654,1.0,205,190.44,38.1643,32.4649,61,3
Illmatic,lyric-sections,lyric_sections,84,4,629,604,25,207,277,67,17,3,376,92.7923,92,19208,1.2319,1,255,235.88,37.5008,32.9094,73,3
Illmatic,no-unmarked-adlib-removal,verses,84,4,499,481,18,182,187,2,4,3,12,93.033,92.0,16932,1.2527,1.0,228,211.12,42.3086,36.4729,63,3
Illmatic,raw-endpoints,verses,84,4,499,481,18,182,187,2,4,3,12,93.033,92.0,16932,1.2527,1.0,228,211.12,42.3086,36.4729,63,3
Illmatic,no-repeated-suffix-credit,verses,84,4,499,481,18,180,182,0,0,2,0,92.9111,92.0,16724,1.2556,1.0,226,209.04,41.8918,36.0721,60,3
Illmatic,include-tentative-slants,verses,84,4,499,481,18,185,187,2,4,3,12,92.9081,92,17188.0,1.2649,1,234,216.24,43.3347,37.0741,63,3
Culture,threshold-80,verses,80,4,701,641,60,245,280,33,19,2,82,91.102,92,22320,1.351,1,331,297.4,42.4251,34.9501,52,5
Culture,threshold-84,verses,84,4,701,641,60,241,277,34,21,2,87,91.7178,92,22104,1.3071,1,315,285.88,40.7817,34.3795,56,5
Culture,threshold-92,verses,92,4,701,641,60,200,241,39,18,2,89,94.58,92.0,18916,1.18,1.0,236,222.48,31.7375,28.5307,64,4
Culture,adjacent-only,verses,84,1,701,640,61,128,160,32,9,0,63,91.2812,92.0,11684,1.3281,1.0,170,153.52,21.9001,18.2596,23,5
Culture,lyric-sections,lyric_sections,84,4,1151,1010,141,336,473,135,27,2,571,92.0833,92.0,30940,1.2857,1.0,432,393.6,34.1964,29.192,87,5
Culture,no-unmarked-adlib-removal,verses,84,4,701,640,61,239,276,35,22,2,89,91.7992,92,21940,1.2971,1,310,281.6,40.1712,34.0942,56,5
Culture,raw-endpoints,verses,84,4,701,594,107,193,244,49,19,2,91,91.4611,92,17652,1.342,1,259,233.64,33.3295,27.5321,41,6
Culture,no-repeated-suffix-credit,verses,84,4,701,641,60,221,223,0,0,2,0,91.5294,92,20228,1.3077,1,289,261.72,37.3352,31.5264,48,5
Culture,include-tentative-slants,verses,84,4,701,641,60,243,277,34,21,2,87,91.6049,92,22260.0,1.3128,1,319,289.0,41.2268,34.6648,56,5
