album,artist,track,title,eligible_lines,known_endings,unknown_endings,rhyme_links,pattern_links,repeat_only_links,rhyme_before_repeat_links,tentative_slant_links,repeated_syllables_uncredited,mean_rating,median_rating,total_rating_points,mean_syllables,median_syllables,total_rhymed_syllables,weighted_rhyme_syllables,weighted_syllables_per_100_lines,linked_line_percent,perfect_links,max_syllables,source_lyric_lines,sections,schemes,possible_slant_pairs,marked_adlib_lines,adlib_candidates,adlib_adjusted_lines,adlib_unresolved_lines,unknown_token_occurrences,tail_blocked_lines,normalized_token_occurrences
ICEMAN,Drake,1,Make Them Cry,82,81,1,45,48,0,2,3,2,89.7778,92,4040,2,2,90,80.36,98.0,54.878,8,3,87,1,15,3,0,3,2,1,13,4,21
ICEMAN,Drake,2,Dust,25,24,1,15,17,1,6,1,8,91.4667,92,1372,1.6,1,24,21.84,87.36,60.0,2,4,61,3,5,6,0,4,3,1,7,5,3
ICEMAN,Drake,3,Whisper My Name,33,31,2,21,22,1,1,0,2,92.381,92,1940,1.4286,1,30,26.96,81.697,63.6364,8,4,66,2,7,0,0,0,0,0,12,6,15
ICEMAN,Drake,4,Janice STFU,41,40,1,27,29,2,3,0,10,91.7037,92,2476,1.2222,1,33,30.12,73.4634,65.8537,7,3,63,2,7,0,0,5,3,2,16,2,17
ICEMAN,Drake,5,Ran To Atlanta,42,37,5,15,22,7,5,0,38,89.8667,92,1348,1.6,1,24,21.2,50.4762,35.7143,3,3,76,4,10,0,10,5,1,4,18,9,7
ICEMAN,Drake,6,Shabang,29,25,4,11,12,1,1,0,7,91.2727,92,1004,1,1,11,10.04,34.6207,37.931,3,1,59,1,4,0,2,0,0,0,6,4,4
ICEMAN,Drake,7,Make Them Pay,60,57,3,38,41,3,0,0,2,90.3158,92.0,3432,2,2.0,76,67.36,112.2667,63.3333,7,5,73,1,9,2,0,5,2,3,21,10,13
ICEMAN,Drake,8,Burning Bridges,25,24,1,11,12,1,0,0,6,88.7273,88,976,1.8182,2,20,17.68,70.72,44.0,1,2,55,2,3,0,0,4,2,2,2,1,4
ICEMAN,Drake,9,National Treasures,43,41,2,29,30,1,1,0,7,90.6207,92,2628,1.6207,1,47,41.88,97.3953,67.4419,5,4,71,2,4,0,0,0,0,0,18,5,10
ICEMAN,Drake,10,B’s On The Table,32,32,0,17,17,0,0,0,0,95.2941,92,1620,1.2353,1,21,20.04,62.625,53.125,7,3,55,2,3,0,1,2,2,0,4,1,10
ICEMAN,Drake,11,What Did I Miss?,25,23,2,11,15,4,4,0,24,91.2727,92,1004,1.7273,2,19,17.16,68.64,44.0,2,3,53,3,6,0,0,0,0,0,7,2,3
ICEMAN,Drake,12,Plot Twist,23,21,2,7,9,2,2,0,7,90.8571,92,636,1.5714,1,11,9.88,42.9565,30.4348,1,3,53,2,7,0,1,0,0,0,12,2,12
ICEMAN,Drake,13,2 Hard 4 The Radio,36,34,2,22,23,1,2,0,4,92.3636,92.0,2032,1.3182,1.0,29,26.6,73.8889,61.1111,4,4,67,2,9,0,0,3,0,3,11,8,10
ICEMAN,Drake,14,Make Them Remember,96,93,3,75,76,1,0,0,1,90.4,92,6780,1.4667,1,110,97.84,101.9167,78.125,14,4,103,1,8,0,0,1,1,0,25,13,32
ICEMAN,Drake,15,Little Birdie,33,32,1,7,13,5,1,1,11,88,88,616,1.8571,2,13,11.4,34.5455,21.2121,0,2,54,1,5,1,0,1,0,1,8,4,7
ICEMAN,Drake,16,Don’t Worry,13,13,0,6,6,0,0,0,0,100,100.0,600,1,1.0,6,6.0,46.1538,46.1538,6,1,46,2,2,0,3,0,0,0,1,0,5
ICEMAN,Drake,17,Firm Friends,78,72,6,39,41,2,0,0,6,91.3846,92,3564,1.3846,1,54,49.04,62.8718,50.0,7,4,93,2,14,0,0,2,1,1,20,12,29
ICEMAN,Drake,18,Make Them Know,78,76,2,37,40,3,0,0,6,91.3514,92,3380,1.5135,1,56,50.0,64.1026,47.4359,11,3,92,1,8,0,0,0,0,0,8,3,11
Illmatic,Nas,2,N.Y. State of Mind,76,70,6,27,28,0,0,1,0,92,92,2484,1.2222,1,33,30.2,39.7368,35.5263,9,2,91,2,23,1,0,0,0,0,20,11,35
Illmatic,Nas,3,Life’s a Bitch,37,36,1,10,10,0,1,0,1,93.6,96.0,936,1.5,1.0,15,13.72,37.0811,27.027,5,3,64,2,10,0,0,0,0,0,6,1,20
Illmatic,Nas,4,The World Is Yours,47,46,1,19,20,1,0,0,6,94.3158,92,1792,1.4211,1,27,25.48,54.2128,40.4255,9,3,98,3,16,0,0,0,0,0,6,2,24
Illmatic,Nas,5,Halftime,65,65,0,30,30,0,0,0,0,93.3333,92.0,2800,1.2333,1.0,37,34.28,52.7385,46.1538,11,2,85,3,19,0,0,0,0,0,11,9,15
Illmatic,Nas,6,Memory Lane (Sittin’ in da Park),51,49,2,22,22,0,0,0,0,93.8182,92.0,2064,1.0909,1.0,24,22.56,44.2353,43.1373,9,2,84,2,16,0,0,0,0,0,20,11,9
Illmatic,Nas,7,One Love,88,85,3,31,31,0,2,0,2,94.0645,92,2916,1.1935,1,37,34.6,39.3182,35.2273,11,2,107,3,23,0,0,0,0,0,26,12,28
Illmatic,Nas,8,One Time 4 Your Mind,44,41,3,13,14,0,1,1,2,92,92,1196,1.3077,1,17,15.64,35.5455,29.5455,2,3,74,2,8,1,0,1,0,1,12,5,19
Illmatic,Nas,9,Represent,51,50,1,18,19,0,0,1,0,90.6667,92.0,1632,1.2222,1.0,22,19.92,39.0588,35.2941,3,2,86,3,11,1,0,0,0,0,22,9,1
Illmatic,Nas,10,It Ain’t Hard to Tell,40,39,1,12,13,1,0,0,1,92.6667,92.0,1112,1.3333,1.0,16,14.72,36.8,30.0,4,2,40,3,9,0,0,0,0,0,13,6,9
Culture,Migos,1,Culture,45,43,2,20,22,2,2,0,6,92,92.0,1840,1.3,1.0,26,23.76,52.8,44.4444,5,3,73,4,10,0,13,0,0,0,19,9,11
Culture,Migos,2,T-Shirt,44,39,5,10,11,1,1,0,2,92.8,92.0,928,1.6,1.0,16,14.8,33.6364,22.7273,1,4,83,3,10,0,12,1,1,0,34,17,12
Culture,Migos,3,Call Casting,70,63,7,30,34,4,1,0,9,93.0667,92.0,2792,1.3333,1.0,40,36.72,52.4571,42.8571,9,3,106,3,11,0,32,3,0,3,27,18,11
Culture,Migos,4,Bad and Boujee,89,82,7,27,33,6,7,0,14,91.8519,92,2480,1.2222,1,33,29.88,33.573,30.3371,7,2,158,3,13,0,37,13,2,11,35,22,27
Culture,Migos,5,Get Right Witcha,58,50,8,15,16,1,0,0,1,88,88,1320,1.4,1,21,18.44,31.7931,25.8621,0,2,92,3,11,0,17,6,1,5,20,14,15
Culture,Migos,6,Slippery,68,59,9,18,18,0,1,0,2,90.8889,92.0,1636,1.4444,1.0,26,23.28,34.2353,26.4706,3,3,102,4,8,0,21,0,0,0,38,17,11
Culture,Migos,7,Big on Big,55,51,4,24,26,1,0,1,3,90.3333,92.0,2168,1.25,1.0,30,26.8,48.7273,43.6364,5,2,110,3,11,1,1,0,0,0,21,13,25
Culture,Migos,8,What the Price,24,24,0,10,11,1,2,0,5,87.2,84.0,872,1.4,1.0,14,12.08,50.3333,41.6667,0,5,65,2,5,0,7,1,0,1,7,3,3
Culture,Migos,9,Brown Paper Bag,54,48,6,16,16,0,0,0,0,91.5,92.0,1464,1.1875,1.0,19,17.32,32.0741,29.6296,4,2,90,3,10,0,9,1,1,0,16,12,12
Culture,Migos,10,Deadz,44,40,4,9,13,3,2,1,8,92.8889,92,836,1.5556,2,14,12.72,28.9091,20.4545,4,2,120,4,7,1,0,0,0,0,17,11,21
Culture,Migos,11,All Ass,45,40,5,17,24,7,2,0,13,92.4706,92,1572,1.3529,1,23,21.08,46.8444,37.7778,4,4,81,3,8,0,17,2,0,2,19,12,7
Culture,Migos,12,Kelly Price,53,50,3,19,21,2,2,0,9,92.4211,92,1756,1.2632,1,24,21.84,41.2075,35.8491,6,3,93,3,8,0,27,3,0,3,22,11,2
Culture,Migos,13,Out Yo Way,52,52,0,26,32,6,1,0,15,93.8462,92.0,2440,1.1154,1.0,29,27.16,52.2308,50.0,8,3,84,3,11,0,1,0,0,0,6,3,3
