artist,genre,songs,tokens,first_year,last_year
2 Chainz,rap,291,139859,2007,2022
21 Savage,rap,153,76147,2013,2026
2Pac,rap,538,383519,1991,2022
3rd Bass,rap,20,9805,1991,1991
50 Cent,rap,382,200659,1997,2022
A Boogie Wit da Hoodie,rap,181,90830,2014,2022
A Tribe Called Quest,rap,128,75530,1990,2017
A$AP Ferg,rap,126,64470,2012,2022
A$AP Rocky,rap,182,80104,2010,2026
AZ,rap,180,86863,1995,2022
Aaliyah,rb,95,40635,1994,2021
Ace Hood,rap,340,164985,2008,2022
Action Bronson,rap,173,66290,2010,2022
Adele,pop,66,19630,2007,2022
Afroman,rap,111,60078,1998,2022
Alan Jackson,country,288,58193,1990,2021
Alicia Keys,rb,236,71603,1995,2022
Arctic Monkeys,rock,151,35651,2003,2020
Ariana Grande,pop,261,94758,2006,2026
Arrested Development,rap,85,39877,1992,2021
B.G.,rap,141,95625,1995,2018
B.o.B,rap,412,192721,2006,2022
Bankroll Fresh,rap,72,32858,2012,2020
Beanie Sigel,rap,106,62025,1999,2020
Beastie Boys,rap,147,51833,1992,2020
Beyoncé,rb,302,121043,2002,2024
Big Boi,rap,59,31872,2003,2019
Big Daddy Kane,rap,79,45505,1990,2022
Big K.R.I.T.,rap,398,185156,2003,2022
Big L,rap,121,74345,1991,2019
Big Pun,rap,77,42869,1995,2018
Big Sean,rap,251,136006,2007,2022
Big Tymers,rap,80,51945,1998,2018
Billie Eilish,pop,122,29107,2013,2024
Birdman,rap,115,60513,1993,2020
Biz Markie,rap,55,30721,1991,2015
Black Rob,rap,32,20871,1998,2015
Black Sheep,rap,60,33949,1991,2021
Blur,rock,194,38326,1990,2019
Bone Thugs-N-Harmony,rap,232,172635,1993,2020
Boogie Down Productions,rap,48,26878,1990,2015
Bow Wow,rap,177,90469,1993,2021
Brand Nubian,rap,78,50450,1990,2015
Brent Faiyaz,rb,69,21623,2014,2026
Britney Spears,pop,279,103079,1997,2022
Bubba Sparxxx,rap,93,55801,2000,2021
Bun B,rap,128,85424,2004,2021
Busta Rhymes,rap,359,214067,1996,2022
Ca$h Out,rap,76,33861,2010,2020
Cam'ron,rap,271,146824,1998,2022
Camp Lo,rap,50,23941,1996,2017
Canibus,rap,365,228558,1997,2022
Cappadonna,rap,133,65384,1996,2015
Cardi B,rap,90,44060,2015,2026
Carrie Underwood,country,136,35298,2001,2022
Cassidy,rap,191,124685,1997,2021
Central Cee,rap,95,55947,2016,2026
Chamillionaire,rap,454,270964,2003,2021
Chance The Rapper,rap,155,67733,2005,2022
Chappell Roan,pop,29,9714,2017,2025
Charli xcx,pop,442,158103,2008,2026
Chevy Woods,rap,166,64973,2010,2022
Chief Keef,rap,880,364283,2008,2022
Childish Gambino,rap,244,104685,2006,2022
Chingy,rap,74,39465,2003,2015
Chris Stapleton,country,74,15131,2013,2026
Christina Aguilera,pop,219,77901,1998,2021
Chubb Rock,rap,49,24893,1990,1999
Clipse,rap,86,51942,1998,2015
Coldplay,rock,242,48152,1998,2024
Common,rap,235,125273,1992,2021
Coolio,rap,101,58214,1994,2021
Craig Mack,rap,18,10693,1994,2016
Crime Mob,rap,32,17104,2004,2015
Curren$Y,rap,666,242028,2003,2021
Cyhi The Prynce,rap,144,71138,2009,2022
Cypress Hill,rap,221,114594,1991,2022
D.J. Jazzy Jeff & The Fresh Prince,rap,38,23480,1991,2017
D.R.A.M.,rap,67,26331,2014,2021
D12,rap,133,96293,1996,2017
DJ Quik,rap,167,105107,1991,2019
DMX,rap,303,172020,1991,2021
Da Brat,rap,64,37179,1994,2015
Dae Dae,rap,26,12853,2016,2020
Dana Dane,rap,14,8048,1990,1995
Daniel Caesar,rb,74,17437,2013,2025
Danny Brown,rap,175,69804,2007,2022
Das EFX,rap,63,35114,1992,2015
Dave,rap,73,59935,2015,2025
David Banner,rap,103,58262,2000,2021
De La Soul,rap,195,104423,1991,2020
DeJ Loaf,rap,91,42535,2012,2020
Denzel Curry,rap,172,79257,2010,2025
Desiigner,rap,98,44111,2015,2022
Digable Planets,rap,33,19492,1992,2021
Digital Underground,rap,91,53257,1990,2015
Dilated Peoples,rap,97,46081,1995,2015
Dixie Chicks,country,111,27788,1990,2020
Doechii,rap,55,22860,2019,2026
Doja Cat,rap,195,78243,2012,2025
Doug E. Fresh,rap,11,6538,1995,2014
Dr. Dre,rap,148,77597,1991,2022
Drake,rap,421,214718,2006,2026
Dreezy,rap,66,32528,2013,2022
Dua Lipa,pop,171,62349,2011,2025
D’Angelo,rb,75,30568,1995,2021
E-40,rap,533,318053,1990,2022
EPMD,rap,74,37922,1990,2008
Earl Sweatshirt,rap,130,41007,2008,2022
Eazy-E,rap,54,30666,1990,2021
Ed Sheeran,pop,220,83869,2004,2022
Eminem,rap,443,306914,1990,2022
Eric B. & Rakim,rap,35,20894,1990,2015
Eric Church,country,112,30666,2006,2021
Erick Sermon,rap,90,46592,1993,2019
Erykah Badu,rb,104,39239,1996,2016
Eve,rap,79,41563,1998,2020
Fabolous,rap,349,183986,2000,2021
Faith Hill,country,113,27861,1993,2019
Fat Joe,rap,183,100187,1993,2018
Fetty Wap,rap,272,120320,2014,2022
Field Mob,rap,40,21765,2000,2015
Flo Rida,rap,101,54822,2007,2021
Florence + the Machine,rock,119,35064,2008,2022
Fontaines D.C.,rock,66,16309,2017,2026
Foo Fighters,rock,221,46743,1995,2026
Foxy Brown,rap,85,45978,1996,2019
Frank Ocean,rb,191,63956,2010,2021
Freddie Gibbs,rap,242,130581,2004,2022
Freeway,rap,100,53946,2002,2018
French Montana,rap,368,165867,2007,2022
Fugees,rap,55,36023,1994,2017
Future,rap,492,258808,2001,2026
G-Eazy,rap,280,144418,2005,2021
G-Unit,rap,179,106592,2002,2020
GZA,rap,86,42278,1991,2021
Gang Starr,rap,127,66954,1990,2021
Garth Brooks,country,190,43351,1990,2020
George Strait,country,271,51857,1990,2019
Geto Boys,rap,102,62322,1990,2017
Ghostface Killah,rap,248,121814,1995,2021
Giveon,rb,24,6476,2023,2026
GloRilla,rap,37,22310,2023,2026
Goodie Mob,rap,88,51812,1995,2020
Gorilla Zoe,rap,68,32810,2007,2018
Grand Puba,rap,57,30010,1991,2016
Green Day,rock,319,72832,1990,2024
Gucci Mane,rap,1181,555378,2001,2022
Gunna,rap,233,109781,2013,2025
Harry Styles,pop,53,15476,2013,2022
Hoodie Allen,rap,128,64750,2008,2020
Hopsin,rap,172,116789,2003,2021
House Of Pain,rap,55,23996,1992,2015
Hozier,rock,89,24451,2013,2025
I LOVE MAKONNEN,rap,149,56648,2011,2021
IamSu!,rap,231,95310,2010,2021
Ice Cube,rap,238,127960,1990,2021
Ice Spice,rap,33,16343,2023,2026
Ice-T,rap,108,58940,1990,2017
Iggy Azalea,rap,156,67600,2008,2022
J. Cole,rap,275,158799,2003,2024
JAY-Z,rap,344,202476,1990,2021
JD,rap,71,37273,1998,2020
JID,rap,129,73574,2010,2025
JPEGMAFIA,rap,188,71841,2012,2026
Ja Rule,rap,173,99371,1998,2015
Jadakiss,rap,232,112789,1998,2021
Jay Rock,rap,164,85107,2006,2022
Jeezy,rap,427,215861,2001,2020
Jelly Roll,country,138,60498,2010,2026
Jidenna,rap,38,18230,2015,2020
Jim Jones,rap,204,113801,2003,2022
Joe Budden,rap,287,201579,1999,2018
Joey Bada$$,rap,150,75639,2010,2022
Juelz Santana,rap,131,68044,2002,2021
Juice WRLD,rap,1016,477855,2014,2022
Juicy J,rap,342,166077,1993,2021
Justin Bieber,pop,312,106950,2005,2022
Juvenile,rap,160,99515,1995,2021
K Camp,rap,205,97896,2012,2021
KRS-One,rap,277,135900,1991,2022
KYLE,rap,161,67933,2007,2022
Kacey Musgraves,country,196,44393,2007,2026
Kanye West,rap,566,268509,1996,2022
Kardinal Offishall,rap,87,49676,1997,2017
Katy Perry,pop,202,66690,2001,2022
Kehlani,rb,102,36507,2013,2025
Keith Murray,rap,72,39873,1994,2019
Kendrick Lamar,rap,312,183600,2003,2024
Kenny Chesney,country,241,60404,1994,2021
Kevin Gates,rap,354,199473,2007,2022
Kid Cudi,rap,226,90205,2001,2022
Kid Ink,rap,302,136295,2010,2022
Killer Mike,rap,80,44231,2002,2020
King Chip,rap,122,54913,2007,2018
Kirko Bangz,rap,146,67255,2009,2021
Kodak Black,rap,339,171255,2013,2022
Kool G Rap,rap,84,47340,1995,2021
Kool Moe Dee,rap,27,15578,1990,2015
Krayzie Bone,rap,173,101673,1996,2019
Kris Kross,rap,43,21113,1992,2015
Kurtis Blow,rap,2,1041,1996,2015
LL Cool J,rap,216,134815,1990,2016
Lady Gaga,pop,229,94783,2002,2022
Lainey Wilson,country,63,18555,2016,2026
Latto,rap,126,62935,2016,2026
Lauryn Hill,rap,67,28191,1997,2019
Lil Baby,rap,135,80506,2017,2025
Lil Bibby,rap,103,46167,2011,2019
Lil Dicky,rap,84,57307,2013,2021
Lil Durk,rap,374,186806,2009,2022
Lil Jon,rap,34,17727,1997,2019
Lil Reese,rap,111,45593,2010,2022
Lil Scrappy,rap,54,27318,2004,2017
Lil Uzi Vert,rap,454,212628,2012,2025
Lil Wayne,rap,1129,633641,1999,2022
Lil Yachty,rap,440,176388,2014,2024
Lil' Boosie,rap,401,213966,2000,2022
Lil' Flip,rap,193,106266,1999,2018
Lil’ Kim,rap,167,85117,1996,2020
Little Simz,rap,136,69012,2013,2025
Lloyd Banks,rap,420,218835,1993,2021
Logic,rap,392,205882,2007,2022
Lords Of The Underground,rap,25,16428,1993,2014
Lost Boyz,rap,53,30179,1995,2017
Ludacris,rap,234,131354,1998,2022
Luke Bryan,country,147,44155,2007,2021
Luke Combs,country,101,28700,2014,2026
Luniz,rap,55,41108,1995,2019
Lupe Fiasco,rap,347,184088,2005,2022
M.C. Hammer,rap,41,20674,1990,2018
MC Eiht,rap,117,63677,1993,2020
MC Lyte,rap,75,36451,1991,2017
MF DOOM,rap,105,47812,1994,2021
Ma$e,rap,145,67960,1997,2019
Mac Miller,rap,501,250269,2007,2021
Machine Gun Kelly,rap,251,117904,2006,2022
Mack 10,rap,79,44998,1995,2015
Macklemore & Ryan Lewis,rap,42,24904,2009,2020
MadeinTYO,rap,101,37657,2015,2021
Madonna,pop,594,208839,1990,2022
Maino,rap,149,75839,2006,2020
Maren Morris,country,50,14195,2015,2022
Mariah Carey,pop,452,181374,1990,2021
Mary J. Blige,rb,394,169651,1992,2022
Master P,rap,266,146115,1991,2019
Meek Mill,rap,464,265281,2004,2022
Megan Moroney,country,41,12551,2021,2026
Megan Thee Stallion,rap,139,73001,2014,2026
Memphis Bleek,rap,70,41200,1998,2016
Method Man,rap,186,96939,1994,2022
Mia X,rap,45,27606,1995,2015
Michael Jackson,pop,338,147717,1990,2022
Migos,rap,354,233491,2011,2021
Miguel,rb,107,37312,2008,2021
Mike Jones,rap,110,54214,2002,2015
Miley Cyrus,pop,241,78084,2006,2026
Miranda Lambert,country,145,34166,2001,2022
Missy Elliott,rap,150,73005,1997,2019
Mistah F.A.B.,rap,119,76478,2003,2020
Mitski,rock,99,15016,2010,2026
Mobb Deep,rap,258,149796,1992,2020
Monty,rap,43,16680,2005,2022
Morgan Wallen,country,123,38895,2014,2026
Mos Def,rap,139,71640,1997,2016
Murphy Lee,rap,22,14703,2003,2015
Muse,rock,197,31351,1994,2022
Mystikal,rap,112,68375,1994,2016
N.O.R.E.,rap,171,92705,1998,2021
N.W.A,rap,44,25962,1990,2019
NAV,rap,147,70082,2014,2022
Nappy Roots,rap,87,46560,2001,2020
Nas,rap,409,238053,1991,2021
Nate Dogg,rap,80,34870,1994,2017
Naughty By Nature,rap,82,54876,1991,2019
Ne-Yo,rb,248,91332,2005,2022
Nelly,rap,194,114859,2000,2021
Nicki Minaj,rap,248,116438,2004,2024
Nipsey Hussle,rap,238,119915,2005,2022
Nirvana,rock,164,31048,1990,2022
Noname,rap,41,16039,2013,2021
O.C.,rap,98,48885,1991,2020
O.T. Genasis,rap,53,20721,2011,2021
OG Maco,rap,138,51363,2014,2020
OJ Da Juiceman,rap,101,43797,2007,2021
Oasis,rock,149,34383,1992,2016
Obie Trice,rap,120,61776,2001,2019
Ol' Dirty Bastard,rap,97,46920,1995,2020
Olivia Rodrigo,pop,113,31282,2011,2026
Onyx,rap,115,60874,1990,2022
OutKast,rap,149,82203,1993,2015
P!nk,pop,202,74331,2000,2022
P. Diddy,rap,151,87729,1996,2021
PARTYNEXTDOOR,rb,257,87505,2008,2026
Paramore,rock,120,33087,2005,2024
Pastor Troy,rap,133,59637,1999,2019
Paul Wall,rap,154,76774,2004,2021
Pearl Jam,rock,415,78276,1991,2020
Petey Pablo,rap,110,51786,2001,2015
Pharoahe Monch,rap,81,36418,1999,2020
Phoebe Bridgers,rock,56,12238,2012,2021
Playboi Carti,rap,335,140556,2011,2025
Plies,rap,309,157709,2004,2021
Pop Smoke,rap,140,61647,2018,2022
Post Malone,rap,136,55169,2011,2022
Pras Michel,rap,31,17542,1997,2018
Problem,rap,185,92107,2008,2021
Project Pat,rap,247,116111,1993,2020
Public Enemy,rap,220,107320,1990,2020
Pusha T,rap,109,44716,2004,2022
Q-Tip,rap,66,27935,1997,2019
Que,rap,73,32835,2012,2019
Queen Latifah,rap,91,38649,1991,2020
RZA,rap,151,70980,1990,2020
Radiohead,rock,284,37383,1991,2021
Rae Sremmurd,rap,51,28351,2014,2022
Raekwon,rap,278,120068,1995,2021
Rapsody,rap,133,74705,2010,2021
Red Hot Chili Peppers,rock,240,69036,1991,2022
Redman,rap,222,110811,1990,2021
Remy Ma,rap,86,36642,2000,2022
Rich Homie Quan,rap,233,121521,2012,2021
Rick Ross,rap,395,219075,2006,2022
Rihanna,rb,272,107764,2005,2022
Rocko,rap,124,57438,2008,2020
Roscoe Dash,rap,115,56244,2009,2018
Royce Da 5'9,rap,353,210737,1997,2021
Run The Jewels,rap,65,37302,2013,2020
Russ,rap,392,168203,2011,2022
SZA,rb,108,31316,2011,2024
Sabrina Carpenter,pop,170,50253,2009,2026
Sage The Gemini,rap,63,26300,2013,2021
Salt-N-Pepa,rap,59,33874,1990,2015
ScHoolboy Q,rap,136,75752,2008,2022
Scarface,rap,200,119006,1991,2020
Sexyy Red,rap,39,19682,2018,2026
Shaboozey,country,53,19718,2013,2026
Shania Twain,country,142,40047,1993,2021
Shawty Lo,rap,86,28543,2006,2022
Shy Glizzy,rap,204,99785,2012,2021
Shyne,rap,53,26437,2000,2018
Silkk The Shocker,rap,105,61081,1996,2015
Sir Mix-A-Lot,rap,43,28093,1990,2011
Skeme,rap,117,57763,2010,2021
Skepta,rap,154,89815,2004,2021
Slick Rick,rap,59,30082,1990,2020
Slim Thug,rap,240,117813,2002,2022
Slum Village,rap,107,47453,1997,2020
Snoop Dogg,rap,687,369769,1992,2022
Soulja Boy Tell'em,rap,734,319028,2006,2022
Soulja Slim,rap,68,37528,1994,2016
Soundgarden,rock,127,25452,1990,2016
Stormzy,rap,83,49529,2011,2020
Styles P,rap,331,156112,2000,2021
Summer Walker,rb,97,24183,2013,2025
T-Pain,rap,317,152196,2004,2022
T-Wayne,rap,57,22942,2014,2021
T.I.,rap,381,240821,2000,2021
TLC,rb,111,50367,1991,2022
Talib Kweli,rap,225,132989,1998,2017
Tate McRae,pop,116,33493,2016,2025
Taylor Swift,pop,464,159129,2002,2026
Tech N9ne,rap,599,393692,1996,2022
Tha Alkaholiks,rap,84,51429,1993,2015
Tha Dogg Pound,rap,131,85384,1993,2021
The 2 Live Crew,rap,62,28260,1990,2015
The Alchemist,rap,178,56120,1999,2022
The Beatnuts,rap,93,45779,1993,2015
The D.O.C.,rap,27,14761,1996,2013
The Game,rap,660,393607,2002,2022
The Killers,rock,174,46301,2002,2022
The Lox,rap,124,79902,1996,2020
The Notorious B.I.G.,rap,140,87117,1991,2021
The Pharcyde,rap,64,36369,1992,2017
The Roots,rap,230,134636,1993,2019
The Strokes,rock,92,19088,2000,2020
The Weeknd,rb,202,70029,2009,2024
Three 6 Mafia,rap,292,168708,1994,2015
Tim McGraw,country,243,63207,1993,2022
Tinie Tempah,rap,93,47459,2007,2021
Tink,rap,146,60514,2012,2021
Tony Yayo,rap,111,43481,2004,2016
Too $hort,rap,303,190281,1990,2021
Towkio,rap,43,17642,2012,2019
Travis Porter,rap,139,72126,2009,2021
Travis Scott,rap,194,84648,2011,2023
Trick Daddy,rap,129,75699,1997,2015
Trinidad James,rap,110,47342,2012,2020
Turnstile,rock,75,8955,2011,2026
Twista,rap,269,175594,1991,2022
Tyga,rap,370,174759,2008,2022
Tyler Childers,country,91,22522,2011,2025
"Tyler, The Creator",rap,232,108963,2006,2025
UGK,rap,114,81376,1992,2021
Ugly God,rap,68,23277,2015,2022
Usher,rb,274,125758,1993,2022
Vanilla Ice,rap,95,39512,1990,2021
Victoria Monét,rb,55,14753,2013,2024
Vince Staples,rap,137,53079,2010,2022
Waka Flocka Flame,rap,406,189282,2008,2020
Wale,rap,422,228178,2005,2021
Warren G,rap,97,47885,1994,2022
Webbie,rap,90,56542,2005,2019
Wet Leg,rock,27,6867,2021,2026
Whitney Houston,pop,161,65235,1990,2021
Wiz Khalifa,rap,616,279366,2005,2022
Wu-Tang Clan,rap,156,97444,1992,2019
Wyclef Jean,rap,236,112701,1997,2020
XXXTENTACION,rap,234,63728,2013,2022
Xzibit,rap,159,92646,1996,2015
YFN Lucci,rap,160,87740,2014,2021
YG,rap,208,107597,2009,2022
YelaWolf,rap,230,123472,2005,2021
Ying Yang Twins,rap,109,66367,2000,2015
Yo Gotti,rap,284,148453,2000,2022
Young Buck,rap,277,146832,2002,2021
Young Chris,rap,58,28953,2002,2018
Young Dolph,rap,272,138586,2008,2021
Young Dro,rap,92,44781,2006,2021
Young Gunz,rap,34,21935,2002,2015
Young M.A,rap,100,57699,2013,2022
Young MC,rap,25,16175,1990,2015
Young Thug,rap,698,399655,2011,2022
YoungBloodZ,rap,48,25988,1999,2015
Yung Joc,rap,69,35768,2006,2019
Zach Bryan,country,130,35973,2016,2026
billy woods,rap,149,54495,2003,2022
boygenius,rock,32,6572,2015,2024
