year,genre,source,songs,artists,tokens
1990,country,hf_historical,42,4,9183
1990,pop,hf_historical,74,4,26221
1990,rap,hf_historical,268,32,155611
1990,rock,hf_historical,26,4,4979
1991,country,hf_historical,27,3,5341
1991,pop,hf_historical,42,4,17631
1991,rap,hf_historical,489,45,275629
1991,rb,hf_historical,3,1,2247
1991,rock,hf_historical,96,7,21257
1992,country,hf_historical,59,4,12199
1992,pop,hf_historical,88,4,42892
1992,rap,hf_historical,369,47,209466
1992,rb,hf_historical,32,2,14973
1992,rock,hf_historical,53,8,9398
1993,country,hf_historical,75,7,15574
1993,pop,hf_historical,41,4,14974
1993,rap,hf_historical,556,59,343468
1993,rb,hf_historical,26,3,13824
1993,rock,hf_historical,84,7,15643
1994,country,hf_historical,50,6,9873
1994,pop,hf_historical,42,3,13206
1994,rap,hf_historical,603,68,347318
1994,rb,hf_historical,66,4,28228
1994,rock,hf_historical,116,9,24672
1995,country,hf_historical,56,7,13463
1995,pop,hf_historical,95,4,38854
1995,rap,hf_historical,598,73,382251
1995,rb,hf_historical,39,6,18922
1995,rock,hf_historical,107,8,21781
1996,country,hf_historical,39,6,8261
1996,pop,hf_historical,50,4,15892
1996,rap,hf_historical,728,79,460018
1996,rb,hf_historical,30,6,11929
1996,rock,hf_historical,52,8,9704
1997,country,hf_historical,63,7,15032
1997,pop,hf_historical,61,5,28483
1997,rap,hf_historical,798,84,496773
1997,rb,hf_historical,75,6,30358
1997,rock,hf_historical,97,9,19151
1998,country,hf_historical,62,7,14442
1998,pop,hf_historical,51,6,17320
1998,rap,hf_historical,1076,103,645562
1998,rb,hf_historical,26,5,9220
1998,rock,hf_historical,55,9,10717
1999,country,hf_historical,113,8,22904
1999,pop,hf_historical,86,6,33204
1999,rap,hf_historical,1109,107,666726
1999,rb,hf_historical,71,5,33545
1999,rock,hf_historical,77,9,14402
2000,country,hf_historical,43,6,8505
2000,pop,hf_historical,96,7,34012
2000,rap,hf_historical,1075,100,671417
2000,rb,hf_historical,37,5,16041
2000,rock,hf_historical,90,10,16575
2001,country,hf_historical,65,10,13904
2001,pop,hf_historical,119,7,43825
2001,rap,hf_historical,1168,111,674712
2001,rb,hf_historical,78,5,35687
2001,rock,hf_historical,81,7,13740
2002,country,hf_historical,113,8,30574
2002,pop,hf_historical,76,9,30557
2002,rap,hf_historical,1107,108,642371
2002,rb,hf_historical,47,7,20827
2002,rock,hf_historical,95,10,20075
2003,country,hf_historical,37,5,7356
2003,pop,hf_historical,144,8,53439
2003,rap,hf_historical,1330,124,731560
2003,rb,hf_historical,77,5,33088
2003,rock,hf_historical,114,11,20280
2004,country,hf_historical,55,6,14418
2004,pop,hf_historical,47,8,14230
2004,rap,hf_historical,1331,116,725028
2004,rb,hf_historical,41,4,19920
2004,rock,hf_historical,95,9,21136
2005,country,hf_historical,79,8,19921
2005,pop,hf_historical,79,9,33275
2005,rap,hf_historical,1454,126,802800
2005,rb,hf_historical,72,8,32733
2005,rock,hf_historical,85,12,17001
2006,country,hf_historical,96,8,19858
2006,pop,hf_historical,157,12,50730
2006,rap,hf_historical,1659,140,895243
2006,rb,hf_historical,80,6,35688
2006,rock,hf_historical,132,9,32935
2007,country,hf_historical,87,11,21370
2007,pop,hf_historical,126,14,41881
2007,rap,hf_historical,1608,133,860907
2007,rb,hf_historical,111,7,48539
2007,rock,hf_historical,152,10,31990
2008,country,hf_historical,70,9,15621
2008,pop,hf_historical,253,15,100975
2008,rap,hf_historical,1828,144,925186
2008,rb,hf_historical,111,9,42372
2008,rock,hf_historical,58,8,11895
2009,country,hf_historical,83,9,20048
2009,pop,hf_historical,164,16,61771
2009,rap,hf_historical,2271,160,1143496
2009,rb,hf_historical,103,7,40660
2009,rock,hf_historical,128,11,32125
2010,country,hf_historical,44,10,11505
2010,pop,hf_historical,215,16,76928
2010,rap,hf_historical,2283,175,1178719
2010,rb,hf_historical,152,9,63258
2010,rock,hf_historical,50,11,11321
2011,country,hf_historical,78,13,21686
2011,pop,hf_historical,218,15,78281
2011,rap,hf_historical,3406,247,1706586
2011,rb,hf_historical,204,9,74447
2011,rock,hf_historical,162,14,35440
2012,country,hf_historical,64,13,16829
2012,pop,hf_historical,186,16,67099
2012,rap,hf_historical,3241,214,1589035
2012,rb,hf_historical,148,13,49692
2012,rock,hf_historical,141,14,35487
2013,country,hf_historical,123,13,30039
2013,pop,hf_historical,263,19,89588
2013,rap,hf_historical,3306,232,1641083
2013,rb,hf_historical,141,19,45072
2013,rock,hf_historical,128,14,28980
2014,country,hf_historical,110,14,31600
2014,pop,hf_historical,181,16,72108
2014,rap,hf_historical,3398,233,1645535
2014,rb,hf_historical,161,18,57600
2014,rock,hf_historical,97,12,20302
2015,country,hf_historical,174,16,50855
2015,pop,hf_historical,226,19,75013
2015,rap,hf_historical,6886,314,3514137
2015,rb,hf_historical,258,18,84658
2015,rock,hf_historical,314,21,64533
2016,country,hf_historical,116,18,32270
2016,pop,hf_historical,168,19,55291
2016,rap,hf_historical,3419,232,1722579
2016,rb,hf_historical,246,19,87215
2016,rock,hf_historical,109,16,24080
2017,country,hf_historical,114,15,31719
2017,pop,hf_historical,333,22,119377
2017,rap,hf_historical,2844,229,1459526
2017,rb,hf_historical,160,16,59528
2017,rock,hf_historical,103,13,23069
2018,country,hf_historical,119,17,36807
2018,pop,hf_historical,233,21,77781
2018,rap,hf_historical,2892,209,1496741
2018,rb,hf_historical,129,18,37089
2018,rock,hf_historical,99,15,20903
2019,country,hf_historical,169,20,46233
2019,pop,hf_historical,333,18,123758
2019,rap,hf_historical,2648,207,1315701
2019,rb,hf_historical,161,18,52836
2019,rock,hf_historical,193,15,33131
2020,country,hf_historical,204,18,59746
2020,pop,hf_historical,392,20,130935
2020,rap,hf_historical,2854,201,1356105
2020,rb,hf_historical,171,15,54306
2020,rock,hf_historical,124,14,29766
2021,country,hf_historical,212,19,53783
2021,pop,hf_historical,436,21,144360
2021,rap,hf_historical,2222,176,1006918
2021,rb,hf_historical,166,18,48026
2021,rock,hf_historical,93,13,19231
2022,country,hf_historical,30,6,7506
2022,pop,hf_historical,105,20,32537
2022,rap,hf_historical,815,109,314898
2022,rb,hf_historical,46,14,14411
2022,rock,hf_historical,58,10,15122
2023,country,genius_recent,73,10,21801
2023,pop,genius_recent,69,9,23267
2023,rap,genius_recent,134,22,75475
2023,rb,genius_recent,37,9,11299
2023,rock,genius_recent,83,9,19029
2024,country,genius_recent,121,9,36372
2024,pop,genius_recent,109,10,38253
2024,rap,genius_recent,187,25,105643
2024,rb,genius_recent,30,9,12064
2024,rock,genius_recent,40,6,10841
2025,country,genius_recent,68,9,22120
2025,pop,genius_recent,67,8,23719
2025,rap,genius_recent,137,19,82164
2025,rb,genius_recent,50,6,14698
2025,rock,genius_recent,36,6,7133
2026,country,genius_recent,66,9,19406
2026,pop,genius_recent,31,6,10479
2026,rap,genius_recent,26,13,15492
2026,rb,genius_recent,12,3,4057
2026,rock,genius_recent,29,5,4757
