original_artist,matched_artist,songs,map_eligible
Lil Uzi Vert,Lil Uzi Vert,454,True
Big Tymers,Big Tymers,80,True
Desiigner,Desiigner,98,True
OJ Da Juiceman,OJ Da Juiceman,101,True
G-Eazy,G-Eazy,280,True
Styles P,Styles P,331,True
Eminem,Eminem,443,True
Mike Jones,Mike Jones,110,True
O.C.,O.C.,98,True
3rd Bass,3rd Bass,20,True
Lil Kim,Lil’ Kim,167,True
Maino,Maino,149,True
Paul Wall,Paul Wall,154,True
Shawty Lo,Shawty Lo,86,True
Ying Yang Twins,Ying Yang Twins,109,True
Jadakiss,Jadakiss,232,True
Talib Kweli,Talib Kweli,225,True
Mistah F.A.B.,Mistah F.A.B.,119,True
D.J. Jazzy Jeff & The Fresh Prince,D.J. Jazzy Jeff & The Fresh Prince,38,True
Slim Thug,Slim Thug,240,True
D.R.A.M.,D.R.A.M.,67,True
Keith Murray,Keith Murray,72,True
Busta Rhymes,Busta Rhymes,359,True
50 Cent,50 Cent,382,True
Big K.R.I.T.,Big K.R.I.T.,398,True
Fugees,Fugees,55,True
Camp Lo,Camp Lo,50,True
Que,Que,73,True
Missy Elliott,Missy Elliott,150,True
Tha Dogg Pound,Tha Dogg Pound,131,True
Chubb Rock,Chubb Rock,49,True
Hopsin,Hopsin,172,True
Brand Nubian,Brand Nubian,78,True
Russ,Russ,392,True
Skeme,Skeme,117,True
Lupe Fiasco,Lupe Fiasco,347,True
Juvenile,Juvenile,160,True
Raekwon,Raekwon,278,True
De La Soul,De La Soul,195,True
Three 6 Mafia,Three 6 Mafia,292,True
Ma$e,Ma$e,145,True
The Alchemist,The Alchemist,178,True
Kodak Black,Kodak Black,339,True
Lil Bibby,Lil Bibby,103,True
Ja Rule,Ja Rule,173,True
KYLE,KYLE,161,True
Childish Gambino,Childish Gambino,244,True
M.C. Hammer,M.C. Hammer,41,True
Wyclef Jean,Wyclef Jean,236,True
The Beatnuts,The Beatnuts,93,True
A Boogie Wit da Hoodie,A Boogie Wit da Hoodie,181,True
Eve,Eve,79,True
Iggy Azalea,Iggy Azalea,156,True
Nate Dogg,Nate Dogg,80,True
Ghostface Killah,Ghostface Killah,248,True
The Roots,The Roots,230,True
YelaWolf,YelaWolf,230,True
Big Daddy Kane,Big Daddy Kane,79,True
Kanye West,Kanye West,566,True
Kardinal Offishall,Kardinal Offishall,87,True
The Notorious B.I.G.,The Notorious B.I.G.,140,True
YG,YG,208,True
Ice-T,Ice-T,108,True
Big Boi,Big Boi,59,True
Gucci Mane,Gucci Mane,1181,True
KRS-One,KRS-One,277,True
Onyx,Onyx,115,True
Xzibit,Xzibit,159,True
Mac Miller,Mac Miller,501,True
Juelz Santana,Juelz Santana,131,True
Lauryn Hill,Lauryn Hill,67,True
RZA,RZA,151,True
House Of Pain,House Of Pain,55,True
Jay Rock,Jay Rock,164,True
Birdman,Birdman,115,True
Fat Joe,Fat Joe,183,True
K Camp,K Camp,205,True
Remy Ma,Remy Ma,86,True
Trick Daddy,Trick Daddy,129,True
Lil Dicky,Lil Dicky,84,True
The 2 Live Crew,The 2 Live Crew,62,True
I LOVE MAKONNEN,I LOVE MAKONNEN,149,True
Eric B. & Rakim,Eric B. & Rakim,35,True
Beanie Sigel,Beanie Sigel,106,True
Rick Ross,Rick Ross,395,True
The D.O.C.,The D.O.C.,27,True
Pras Michel,Pras Michel,31,True
Juicy J,Juicy J,342,True
Big Pun,Big Pun,77,True
Eazy-E,Eazy-E,54,True
Slick Rick,Slick Rick,59,True
Soulja Boy Tell'em,Soulja Boy Tell'em,734,True
Pharoahe Monch,Pharoahe Monch,81,True
Kool G Rap,Kool G Rap,84,True
Mia X,Mia X,45,True
Public Enemy,Public Enemy,220,True
Waka Flocka Flame,Waka Flocka Flame,406,True
Fabolous,Fabolous,349,True
UGK,UGK,114,True
Pusha T,Pusha T,109,True
Nelly,Nelly,194,True
Travis Porter,Travis Porter,139,True
Sir Mix-A-Lot,Sir Mix-A-Lot,43,True
Travis Scott,Travis Scott,194,True
XXXTENTACION,XXXTENTACION,234,True
GZA,GZA,86,True
French Montana,French Montana,368,True
YoungBloodZ,YoungBloodZ,48,True
Jim Jones,Jim Jones,204,True
Warren G,Warren G,97,True
Black Rob,Black Rob,32,True
Tinie Tempah,Tinie Tempah,93,True
Kurtis Blow,Kurtis Blow,2,False
Bubba Sparxxx,Bubba Sparxxx,93,True
Cypress Hill,Cypress Hill,221,True
Obie Trice,Obie Trice,120,True
Fetty Wap,Fetty Wap,272,True
Dae Dae,Dae Dae,26,True
IamSu!,IamSu!,231,True
Bankroll Fresh,Bankroll Fresh,72,True
Problem,Problem,185,True
Cyhi The Prynce,Cyhi The Prynce,144,True
Snoop Dogg,Snoop Dogg,687,True
YFN Lucci,YFN Lucci,160,True
Clipse,Clipse,86,True
The Pharcyde,The Pharcyde,64,True
Lost Boyz,Lost Boyz,53,True
Naughty By Nature,Naughty By Nature,82,True
Dilated Peoples,Dilated Peoples,97,True
Vanilla Ice,Vanilla Ice,95,True
Mobb Deep,Mobb Deep,258,True
Curren$Y,Curren$Y,666,True
Chingy,Chingy,74,True
Tony Yayo,Tony Yayo,111,True
Coolio,Coolio,101,True
Rich Homie Quan,Rich Homie Quan,233,True
Young Buck,Young Buck,277,True
Young Jeezy,Jeezy,427,True
Trinidad James,Trinidad James,110,True
Common,Common,235,True
Royce Da 5'9,Royce Da 5'9,353,True
Logic,Logic,392,True
Grand Puba,Grand Puba,57,True
Young Chris,Young Chris,58,True
Shyne,Shyne,53,True
Big Sean,Big Sean,251,True
Chance The Rapper,Chance The Rapper,155,True
Kid Cudi,Kid Cudi,226,True
Dana Dane,Dana Dane,14,False
Project Pat,Project Pat,247,True
Nicki Minaj,Nicki Minaj,248,True
Tha Alkaholiks,Tha Alkaholiks,84,True
Mack 10,Mack 10,79,True
Flo Rida,Flo Rida,101,True
Salt-N-Pepa,Salt-N-Pepa,59,True
JD,JD,71,True
ScHoolboy Q,ScHoolboy Q,136,True
Action Bronson,Action Bronson,173,True
King Chip,King Chip,122,True
Slum Village,Slum Village,107,True
MadeinTYO,MadeinTYO,101,True
OutKast,OutKast,149,True
Yung Joc,Yung Joc,69,True
Machine Gun Kelly,Machine Gun Kelly,251,True
Pastor Troy,Pastor Troy,133,True
Silkk The Shocker,Silkk The Shocker,105,True
Lil' Flip,Lil' Flip,193,True
Big L,Big L,121,True
Chief Keef,Chief Keef,880,True
N.O.R.E.,N.O.R.E.,171,True
Memphis Bleek,Memphis Bleek,70,True
Young Gunz,Young Gunz,34,True
P. Diddy,P. Diddy,151,True
Cam'ron,Cam'ron,271,True
MC Eiht,MC Eiht,117,True
J. Cole,J. Cole,275,True
Erick Sermon,Erick Sermon,90,True
Q-Tip,Q-Tip,66,True
Kid Ink,Kid Ink,302,True
Lords Of The Underground,Lords Of The Underground,25,True
DMX,DMX,303,True
Chamillionaire,Chamillionaire,454,True
Ca$h Out,Ca$h Out,76,True
OG Maco,OG Maco,138,True
B.o.B,B.o.B,412,True
O.T. Genasis,O.T. Genasis,53,True
T.I.,T.I.,381,True
Macklemore & Ryan Lewis,Macklemore & Ryan Lewis,42,True
Goodie Mob,Goodie Mob,88,True
Sage The Gemini,Sage The Gemini,63,True
Wiz Khalifa,Wiz Khalifa,616,True
Petey Pablo,Petey Pablo,110,True
A Tribe Called Quest,A Tribe Called Quest,128,True
Monty,Monty,43,True
Ace Hood,Ace Hood,340,True
D12,D12,133,True
Ugly God,Ugly God,68,True
LL Cool J,LL Cool J,216,True
Kendrick Lamar,Kendrick Lamar,312,True
Canibus,Canibus,365,True
Post Malone,Post Malone,136,True
Gang Starr,Gang Starr,127,True
T-Wayne,T-Wayne,57,True
E-40,E-40,533,True
Lil Yachty,Lil Yachty,440,True
Field Mob,Field Mob,40,True
Bun B,Bun B,128,True
Killer Mike,Killer Mike,80,True
Kool Moe Dee,Kool Moe Dee,27,True
Digable Planets,Digable Planets,33,True
Rae Sremmurd,Rae Sremmurd,51,True
Yo Gotti,Yo Gotti,284,True
Lil' Boosie,Lil' Boosie,401,True
Beastie Boys,Beastie Boys,147,True
Nas,Nas,409,True
G-Unit,G-Unit,179,True
Biz Markie,Biz Markie,55,True
Master P,Master P,266,True
Dr. Dre,Dr. Dre,148,True
Too $hort,Too $hort,303,True
Kevin Gates,Kevin Gates,354,True
Plies,Plies,309,True
Young Dro,Young Dro,92,True
Murphy Lee,Murphy Lee,22,True
MC Lyte,MC Lyte,75,True
Doug E. Fresh,Doug E. Fresh,11,False
Freeway,Freeway,100,True
Drake,Drake,421,True
Tech N9ne,Tech N9ne,599,True
Kirko Bangz,Kirko Bangz,146,True
Geto Boys,Geto Boys,102,True
Lil Reese,Lil Reese,111,True
Twista,Twista,269,True
T-Pain,T-Pain,317,True
Lloyd Banks,Lloyd Banks,420,True
Nipsey Hussle,Nipsey Hussle,238,True
Bow Wow,Bow Wow,177,True
Boogie Down Productions,Boogie Down Productions,48,True
Method Man,Method Man,186,True
B.G.,B.G.,141,True
Ludacris,Ludacris,234,True
Young Dolph,Young Dolph,272,True
Chevy Woods,Chevy Woods,166,True
Hoodie Allen,Hoodie Allen,128,True
Young Thug,Young Thug,698,True
Nappy Roots,Nappy Roots,87,True
EPMD,EPMD,74,True
The Game,The Game,660,True
Lil Wayne,Lil Wayne,1129,True
Dreezy,Dreezy,66,True
2 Chainz,2 Chainz,291,True
Mos Def,Mos Def,139,True
Lil Scrappy,Lil Scrappy,54,True
Lil Durk,Lil Durk,374,True
Tink,Tink,146,True
Tyga,Tyga,370,True
Young MC,Young MC,25,True
Young M.A,Young M.A,100,True
NAV,NAV,147,True
Danny Brown,Danny Brown,175,True
Soulja Slim,Soulja Slim,68,True
Arrested Development,Arrested Development,85,True
Das EFX,Das EFX,63,True
Earl Sweatshirt,Earl Sweatshirt,130,True
The Lox,The Lox,124,True
Webbie,Webbie,90,True
Migos,Migos,354,True
Scarface,Scarface,200,True
Krayzie Bone,Krayzie Bone,173,True
Redman,Redman,222,True
Bone Thugs-N-Harmony,Bone Thugs-N-Harmony,232,True
Shy Glizzy,Shy Glizzy,204,True
David Banner,David Banner,103,True
A$AP Ferg,A$AP Ferg,126,True
Lil Jon,Lil Jon,34,True
Wu-Tang Clan,Wu-Tang Clan,156,True
2Pac,2Pac,538,True
Cappadonna,Cappadonna,133,True
Black Sheep,Black Sheep,60,True
Digital Underground,Digital Underground,91,True
Rocko,Rocko,124,True
Cassidy,Cassidy,191,True
Towkio,Towkio,43,True
Mystikal,Mystikal,112,True
Wale,Wale,422,True
Ice Cube,Ice Cube,238,True
Luniz,Luniz,55,True
Craig Mack,Craig Mack,18,False
A$AP Rocky,A$AP Rocky,182,True
Roscoe Dash,Roscoe Dash,115,True
Ol' Dirty Bastard,Ol' Dirty Bastard,97,True
Crime Mob,Crime Mob,32,True
N.W.A,N.W.A,44,True
Gorilla Zoe,Gorilla Zoe,68,True
Kris Kross,Kris Kross,43,True
Jidenna,Jidenna,38,True
Joey Bada$$,Joey Bada$$,150,True
Future,Future,492,True
Meek Mill,Meek Mill,464,True
AZ,AZ,180,True
DeJ Loaf,DeJ Loaf,91,True
Joe Budden,Joe Budden,287,True
Da Brat,Da Brat,64,True
Run-D.M.C.,,0,False
DJ Quik,DJ Quik,167,True
Afroman,Afroman,111,True
Jay-Z,JAY-Z,344,True
