word,rap_count,other_count,rap_per_10k,other_per_10k,ratio,year_matched_ratio,unique_line_ratio,rap_songs,rap_artists,rap_song_pct
grrah,481,0,17.2541,0.0,964.7997,260.0923,550.3484,39,7,8.058
baow,301,0,10.7973,0.0,604.1269,162.7605,309.4085,41,11,8.471
rap,122,0,4.3763,0.0,245.4579,65.9694,181.1383,72,19,14.876
tuh,122,0,4.3763,0.0,245.4579,65.9694,149.9374,21,5,4.339
coochie,106,0,3.8024,0.0,213.3981,57.3176,130.8703,31,7,6.405
hol,86,0,3.0849,0.0,173.3233,46.503,44.2012,12,7,2.479
doo,81,0,2.9056,0.0,163.3046,43.7993,73.6687,11,7,2.273
bah,61,0,2.1882,0.0,123.2299,32.9847,75.4021,11,7,2.273
mwah,55,0,1.9729,0.0,111.2074,29.7403,65.0018,28,11,5.785
racks,53,0,1.9012,0.0,107.2,28.6588,63.2684,27,16,5.579
haters,50,0,1.7936,0.0,101.1888,27.0366,44.2012,21,10,4.339
thug,46,0,1.6501,0.0,93.1738,24.8737,58.0683,19,13,3.926
trim,44,0,1.5783,0.0,89.1663,23.7922,66.7352,10,9,2.066
drip,43,0,1.5425,0.0,87.1626,23.2515,51.1347,17,12,3.512
gangsta,42,0,1.5066,0.0,85.1589,22.7108,56.3349,10,6,2.066
lame,41,0,1.4707,0.0,83.1551,22.17,65.0018,30,15,6.198
fee,40,0,1.4349,0.0,81.1514,21.6293,45.9346,14,12,2.893
gram,38,0,1.3631,0.0,77.1439,20.5478,28.6008,16,10,3.306
crib,36,0,1.2914,0.0,73.1364,19.4664,58.0683,30,14,6.198
skrrt,176,2,6.3134,0.0716,70.7319,43.8281,49.748,47,16,9.711
blick,33,0,1.1838,0.0,67.1252,17.8442,35.5343,10,7,2.066
poppin,92,1,3.3002,0.0358,61.7819,32.2764,45.3568,61,19,12.603
maybach,30,0,1.0761,0.0,61.114,16.222,40.7345,19,13,3.926
ho,592,10,21.2358,0.358,56.534,48.3775,34.9565,156,25,32.231
opps,76,1,2.7262,0.0358,51.0953,25.9163,38.4233,43,18,8.884
baddie,72,1,2.5827,0.0358,48.4237,24.5523,23.9784,22,8,4.545
yup,66,1,2.3675,0.0358,44.4162,22.5063,26.8674,18,9,3.719
turnt,63,1,2.2599,0.0358,42.4124,21.4833,21.0895,19,9,3.926
ugh,104,2,3.7306,0.0716,41.8781,27.0031,27.2141,31,8,6.405
nigga,1262,30,45.2696,1.0741,41.4708,37.0966,30.7749,270,28,55.785
pussy,302,7,10.8331,0.2506,40.4087,31.2621,31.2586,132,26,27.273
bust,98,2,3.5154,0.0716,39.4736,28.2924,27.5608,35,17,7.231
niggas,958,25,34.3648,0.8951,37.6585,32.87,30.8505,250,28,51.653
pants,52,1,1.8653,0.0358,35.0654,16.974,15.3115,15,10,3.099
bitches,715,21,25.648,0.7519,33.3413,27.4961,27.0548,218,24,45.041
fat,82,2,2.9415,0.0716,33.0617,19.1693,20.6272,38,14,7.851
hoes,477,14,17.1106,0.5013,32.9926,28.636,26.4514,172,25,35.537
gang,210,6,7.533,0.2148,32.4451,24.0237,29.8614,88,19,18.182
bands,77,2,2.7621,0.0716,31.0579,18.9443,17.8538,41,16,8.471
motherfuckin,98,3,3.5154,0.1074,28.1955,19.0376,21.9149,47,18,9.711
booty,137,5,4.9144,0.179,25.0467,19.519,12.0374,30,10,6.198
charge,62,2,2.224,0.0716,25.0467,14.9517,11.6137,11,7,2.273
butt,36,1,1.2914,0.0358,24.3788,12.6299,14.7337,12,8,2.479
beef,57,2,2.0447,0.0716,23.043,14.4907,18.2005,48,19,9.917
gassed,32,1,1.1479,0.0358,21.7072,10.4455,11.267,12,9,2.479
hella,32,1,1.1479,0.0358,21.7072,10.9121,14.7337,19,7,3.926
link,32,1,1.1479,0.0358,21.7072,11.2266,16.4671,21,13,4.339
yo,240,11,8.6091,0.3938,20.9521,17.1515,13.9083,74,22,15.289
cum,30,1,1.0761,0.0358,20.3713,10.2301,14.1559,14,9,2.893
ass,862,43,30.9211,1.5396,19.8646,17.935,17.088,205,27,42.355
dick,224,11,8.0352,0.3938,19.5582,15.7138,15.0352,126,22,26.033
cap,47,2,1.686,0.0716,19.0355,11.9485,15.7738,37,16,7.645
stack,47,2,1.686,0.0716,19.0355,11.9485,8.1469,19,11,3.926
bitch,2001,106,71.7786,3.7953,18.8286,17.3993,20.7419,333,28,68.802
lil,287,15,10.2951,0.5371,18.5831,20.9183,23.9105,139,26,28.719
brr,44,2,1.5783,0.0716,17.8333,10.957,14.0404,25,10,5.165
shorty,42,2,1.5066,0.0716,17.0318,10.9051,20.5117,17,10,3.512
hatin,74,4,2.6545,0.1432,16.5865,11.7839,13.7707,49,18,10.124
smack,72,4,2.5827,0.1432,16.1412,11.8035,14.0404,17,10,3.512
bae,80,5,2.8697,0.179,14.6637,10.6281,10.4791,50,15,10.331
finna,62,4,2.224,0.1432,13.9148,11.0121,11.6522,43,14,8.884
showin,48,3,1.7218,0.1074,13.883,9.4139,9.5336,28,14,5.785
pop,269,19,9.6494,0.6803,13.8463,11.8977,9.2184,102,23,21.074
bread,45,3,1.6142,0.1074,13.0243,8.97,13.0004,35,14,7.231
titties,44,3,1.5783,0.1074,12.738,9.0676,12.6537,28,11,5.785
dope,30,2,1.0761,0.0716,12.2228,7.4707,13.5782,15,11,3.099
hahaha,30,2,1.0761,0.0716,12.2228,7.4707,10.2269,23,11,4.752
bro,121,10,4.3404,0.358,11.5931,8.8134,14.8671,64,18,13.223
shawty,92,8,3.3002,0.2864,10.9027,9.2558,13.3856,37,15,7.645
haha,70,6,2.511,0.2148,10.8664,8.8187,9.1336,47,15,9.711
suck,59,5,2.1164,0.179,10.8384,12.648,8.9558,35,15,7.231
trap,69,6,2.4751,0.2148,10.7123,8.0908,8.7336,47,18,9.711
boo,54,5,1.9371,0.179,9.9276,7.5177,5.9093,29,13,5.992
food,44,4,1.5783,0.1432,9.9074,8.3766,8.378,30,15,6.198
blunt,33,3,1.1838,0.1074,9.5893,6.2515,6.5621,21,11,4.339
baddest,32,3,1.1479,0.1074,9.3031,6.8405,5.8192,19,8,3.926
twin,59,6,2.1164,0.2148,9.171,7.1375,9.7262,25,14,5.165
bag,183,20,6.5645,0.7161,8.9679,8.185,7.0123,64,21,13.223
y'all,321,37,11.5147,1.3248,8.5894,8.7672,8.4172,125,26,25.826
freak,54,6,1.9371,0.2148,8.4003,6.665,6.0668,28,13,5.785
style,37,4,1.3272,0.1432,8.3489,6.0175,5.6816,18,9,3.719
rich,122,15,4.3763,0.5371,7.918,10.8119,7.1762,84,24,17.355
sellin,35,4,1.2555,0.1432,7.9036,5.6922,6.452,26,14,5.372
slide,71,9,2.5469,0.3222,7.5404,7.1101,5.2458,39,18,8.058
k,63,8,2.2599,0.2864,7.4845,6.9111,5.6046,38,15,7.851
motherfucker,33,4,1.1838,0.1432,7.4584,5.2273,7.8002,20,10,4.132
cash,69,9,2.4751,0.3222,7.3295,6.0092,8.3336,50,19,10.331
jumpin,47,6,1.686,0.2148,7.3213,5.8605,3.7031,15,12,3.099
cook,32,4,1.1479,0.1432,7.2357,5.8191,4.9112,17,13,3.512
facts,45,6,1.6142,0.2148,7.0131,5.1193,6.382,31,11,6.405
weak,31,4,1.112,0.1432,7.0131,4.8728,6.0668,24,10,4.959
fuck,1429,204,51.2602,7.3041,7.0033,6.3764,6.5688,333,28,68.802
trippin,36,5,1.2914,0.179,6.6488,4.8354,4.8062,19,11,3.926
f,35,5,1.2555,0.179,6.4666,4.6498,4.8062,21,11,4.339
eatin,47,7,1.686,0.2506,6.3452,4.7603,5.1424,34,19,7.025
shakin,34,5,1.2196,0.179,6.2845,6.6219,5.8742,22,10,4.545
wrist,52,8,1.8653,0.2864,6.188,5.4496,4.7957,32,18,6.612
benz,33,5,1.1838,0.179,6.1023,4.5325,4.8062,25,14,5.165
mood,57,9,2.0447,0.3222,6.0639,5.3401,4.1295,26,13,5.372
actin,81,13,2.9056,0.4655,6.0483,4.9426,4.847,62,22,12.81
whip,50,8,1.7936,0.2864,5.9523,4.808,9.341,41,20,8.471
v,32,5,1.1479,0.179,5.9201,4.3951,5.2964,24,14,4.959
shit,1495,257,53.6277,9.2017,5.8186,5.4061,5.8009,336,28,69.421
clap,59,10,2.1164,0.358,5.6773,4.8083,6.0668,13,8,2.686
pound,36,6,1.2914,0.2148,5.6259,4.2456,3.8001,15,9,3.099
waist,36,6,1.2914,0.2148,5.6259,4.4167,4.7335,32,14,6.612
pressure,41,7,1.4707,0.2506,5.5437,5.5168,4.8668,29,11,5.992
givin,98,18,3.5154,0.6445,5.3343,4.5831,5.3735,44,16,9.091
bend,55,10,1.9729,0.358,5.2956,4.5163,3.2387,24,11,4.959
playin,154,29,5.5242,1.0383,5.2471,4.671,4.6165,99,21,20.455
post,44,8,1.5783,0.2864,5.2451,4.4164,6.0668,35,16,7.231
bank,59,11,2.1164,0.3938,5.1836,4.9258,3.8813,42,18,8.678
nah,193,37,6.9232,1.3248,5.1696,5.1672,3.3503,70,22,14.463
de,53,10,1.9012,0.358,5.1048,4.3521,3.6731,17,11,3.512
hood,93,18,3.336,0.6445,5.0635,5.1015,6.397,53,20,10.95
money,380,75,13.6311,2.6853,5.0492,5.0484,4.5746,171,28,35.331
boss,32,6,1.1479,0.2148,5.0093,3.9074,7.305,25,18,5.165
switch,74,15,2.6545,0.5371,4.8154,3.9916,4.6349,41,20,8.471
pockets,40,8,1.4349,0.2864,4.7736,3.7348,5.8742,29,15,5.992
fan,49,10,1.7577,0.358,4.7231,3.7339,3.3429,29,20,5.992
tea,30,6,1.0761,0.2148,4.7011,3.6806,6.3145,18,11,3.719
havin,58,12,2.0805,0.4297,4.6887,4.4521,3.8382,30,15,6.198
block,76,16,2.7262,0.5729,4.645,3.9549,4.9364,52,20,10.744
guys,66,14,2.3675,0.5013,4.5948,4.3439,3.8199,42,16,8.678
fuckin,231,50,8.2863,1.7902,4.5927,4.2132,4.9575,129,25,26.653
check,133,29,4.7709,1.0383,4.5339,4.2026,4.1566,72,25,14.876
bow,60,13,2.1523,0.4655,4.4899,3.7663,6.6972,17,9,3.512
freaky,42,9,1.5066,0.3222,4.482,3.8102,4.4668,19,8,3.926
crime,33,7,1.1838,0.2506,4.475,3.4454,2.9152,15,8,3.099
mad,170,38,6.0981,1.3606,4.4368,4.5391,3.6668,93,23,19.215
big,478,108,17.1465,3.8669,4.4184,4.6281,3.4927,164,26,33.884
talkin,156,35,5.5959,1.2532,4.4167,4.021,3.8419,111,26,22.934
boom,59,13,2.1164,0.4655,4.4156,3.8694,7.4002,17,12,3.512
jump,129,29,4.6274,1.0383,4.398,4.0324,3.4033,43,19,8.884
business,76,17,2.7262,0.6087,4.3796,3.5882,5.5716,55,23,11.364
birthday,58,13,2.0805,0.4655,4.3414,3.7476,3.0128,16,9,3.306
ego,32,7,1.1479,0.2506,4.3414,4.7415,3.1334,10,8,2.066
grip,32,7,1.1479,0.2506,4.3414,3.3125,2.8312,16,10,3.306
ayy,683,158,24.5001,5.6571,4.3204,3.9036,3.8125,124,23,25.62
fact,36,8,1.2914,0.2864,4.3021,3.9492,3.4158,23,13,4.752
hah,36,8,1.2914,0.2864,4.3021,3.6134,4.491,15,9,3.099
fifty,65,15,2.3316,0.5371,4.2337,3.6283,4.1254,35,19,7.231
bigger,52,12,1.8653,0.4297,4.2078,3.3615,2.6001,23,16,4.752
vibe,56,13,2.0088,0.4655,4.193,3.2637,4.3335,42,17,8.678
dog,146,36,5.2372,1.289,4.0212,3.5138,2.9126,57,20,11.777
text,33,8,1.1838,0.2864,3.9485,3.1716,3.0623,23,16,4.752
fake,92,23,3.3002,0.8235,3.9435,3.9957,3.4001,59,22,12.19
diamonds,88,22,3.1567,0.7877,3.9407,3.5085,3.7392,58,20,11.983
type,158,40,5.6677,1.4322,3.9209,3.7737,3.7832,63,23,13.017
paid,60,15,2.1523,0.5371,3.9105,3.5154,3.7788,46,19,9.504
gon,596,155,21.3793,5.5497,3.8432,4.1599,3.8578,237,28,48.967
knock,51,13,1.8294,0.4655,3.8219,3.4048,3.4211,26,14,5.372
neck,85,22,3.0491,0.7877,3.8071,3.7518,3.089,58,19,11.983
wet,104,27,3.7306,0.9667,3.8071,3.5388,3.1622,39,15,8.058
strike,39,10,1.399,0.358,3.7689,3.1037,3.0079,11,8,2.273
paper,50,13,1.7936,0.4655,3.7477,3.41,3.3537,28,19,5.785
i'ma,272,73,9.757,2.6137,3.7144,4.0132,3.3489,151,26,31.198
shake,142,38,5.0937,1.3606,3.7082,3.8245,2.5697,33,15,6.818
plenty,38,10,1.3631,0.358,3.6735,3.574,2.9467,16,11,3.306
spot,71,19,2.5469,0.6803,3.6735,2.9203,2.9915,34,21,7.025
lick,56,15,2.0088,0.5371,3.652,3.0769,2.8569,26,13,5.372
huh,701,198,25.1458,7.0893,3.5406,3.3828,3.9645,191,26,39.463
uh,1166,330,41.826,11.8155,3.5361,3.3402,3.1499,258,27,53.306
hip,33,9,1.1838,0.3222,3.5329,3.0283,5.489,24,16,4.959
game,85,24,3.0491,0.8593,3.4963,3.6864,3.192,57,23,11.777
drop,143,41,5.1296,1.468,3.4643,3.3256,4.4441,68,22,14.05
legs,32,9,1.1479,0.3222,3.4274,2.8396,3.409,22,12,4.545
double,66,19,2.3675,0.6803,3.4166,2.9666,3.7955,41,21,8.471
rock,100,29,3.5871,1.0383,3.4131,3.2945,2.8951,45,20,9.298
hop,42,12,1.5066,0.4297,3.4064,3.0537,3.3429,34,17,7.025
lock,35,10,1.2555,0.358,3.3873,2.7854,3.9334,22,13,4.545
sex,45,13,1.6142,0.4655,3.3767,2.6556,5.0268,34,18,7.025
cars,48,14,1.7218,0.5013,3.3511,3.0872,2.5307,28,14,5.785
toes,58,17,2.0805,0.6087,3.3491,3.0571,4.0598,36,16,7.438
fucked,158,47,5.6677,1.6828,3.3431,3.1096,2.9907,73,26,15.083
thirty,51,15,1.8294,0.5371,3.3288,3.1814,2.3764,30,16,6.198
rules,31,9,1.112,0.3222,3.322,2.8925,2.5088,18,12,3.719
sip,31,9,1.112,0.3222,3.322,2.8705,2.2351,20,11,4.132
weed,31,9,1.112,0.3222,3.322,2.6581,2.7156,21,13,4.339
drugs,67,20,2.4034,0.7161,3.2988,3.0585,3.1779,33,17,6.818
p,70,21,2.511,0.7519,3.2852,3.1021,5.9756,52,23,10.744
lit,59,18,2.1164,0.6445,3.2222,3.1799,2.6469,45,16,9.298
treat,59,18,2.1164,0.6445,3.2222,2.8752,2.3374,36,15,7.438
keepin,36,11,1.2914,0.3938,3.1798,2.6346,3.0079,24,17,4.959
shots,39,12,1.399,0.4297,3.1659,3.1931,3.0953,30,15,6.198
ice,83,26,2.9773,0.9309,3.1568,2.9772,3.5839,49,19,10.124
explain,32,10,1.1479,0.358,3.101,2.6349,2.6001,11,7,2.273
pullin,32,10,1.1479,0.358,3.101,2.5107,3.1099,25,14,5.165
super,32,10,1.1479,0.358,3.101,2.615,3.2934,22,12,4.545
killin,69,22,2.4751,0.7877,3.0947,2.8274,4.2179,26,15,5.372
shirt,35,11,1.2555,0.3938,3.0927,3.6023,2.965,28,12,5.785
gyal,41,13,1.4707,0.4655,3.0798,2.3251,3.9334,16,5,3.306
ha,180,59,6.4568,2.1125,3.0393,2.8438,4.3335,55,17,11.364
hmm,122,40,4.3763,1.4322,3.0303,3.3005,3.0408,41,14,8.471
eat,140,46,5.022,1.647,3.0272,2.7957,2.8262,73,21,15.083
beat,155,51,5.5601,1.826,3.0251,2.7616,2.7975,89,22,18.388
many,158,52,5.6677,1.8618,3.0247,2.5979,2.3961,70,24,14.463
que,52,17,1.8653,0.6087,3.0056,2.6888,2.3374,15,9,3.099
smokin,66,22,2.3675,0.7877,2.9611,2.8333,3.1779,40,16,8.264
chain,54,18,1.9371,0.6445,2.9515,2.4149,2.3374,38,16,7.851
fans,36,12,1.2914,0.4297,2.9255,2.4292,2.965,25,12,5.165
flow,36,12,1.2914,0.4297,2.9255,2.4574,2.9302,25,15,5.165
solid,30,10,1.0761,0.358,2.9102,2.6363,2.6001,14,11,2.893
bodies,49,17,1.7577,0.6087,2.8339,3.4791,1.6437,16,12,3.306
doors,32,11,1.1479,0.3938,2.8314,2.3982,2.2232,19,12,3.926
ten,119,42,4.2687,1.5038,2.817,2.8065,2.6001,71,22,14.669
women,43,15,1.5425,0.5371,2.8117,2.6962,3.508,31,15,6.405
thick,76,27,2.7262,0.9667,2.787,2.6096,3.6273,43,18,8.884
okay,276,99,9.9005,3.5446,2.7841,2.5105,2.3903,91,24,18.802
tryna,404,146,14.492,5.2274,2.7663,2.5792,2.5629,200,28,41.322
nose,31,11,1.112,0.3938,2.7442,2.1873,2.6913,25,16,5.165
these,693,253,24.8588,9.0585,2.7408,2.6127,2.9842,269,28,55.579
throwin,82,30,2.9415,1.0741,2.71,2.3063,2.7119,41,20,8.471
top,172,64,6.1699,2.2915,2.6794,2.5592,2.5657,98,24,20.248
sippin,30,11,1.0761,0.3938,2.6571,2.1365,3.8001,19,10,3.926
she,1365,518,48.9644,18.5467,2.6385,2.6724,2.399,291,27,60.124
lookin,293,111,10.5103,3.9743,2.6372,2.5555,2.6831,112,25,23.14
them,693,265,24.8588,9.4882,2.6169,2.5587,2.6047,249,28,51.446
seven,81,31,2.9056,1.1099,2.5921,2.4173,2.0469,28,19,5.785
countin,37,14,1.3272,0.5013,2.591,2.4075,2.5088,18,12,3.719
sexy,42,16,1.5066,0.5729,2.5806,2.1677,1.985,31,9,6.405
they,1819,707,65.25,25.3137,2.5765,2.6948,2.3973,380,28,78.512
damn,355,138,12.7343,4.941,2.5716,2.6339,2.1362,126,26,26.033
petty,39,15,1.399,0.5371,2.5531,2.2525,1.6294,15,10,3.099
either,31,12,1.112,0.4297,2.5247,2.1572,2.1841,23,13,4.752
lyin,71,28,2.5469,1.0025,2.5135,2.3882,1.8572,31,17,6.405
pull,170,68,6.0981,2.4347,2.4937,2.4767,2.1625,93,23,19.215
crash,33,13,1.1838,0.4655,2.4861,2.0546,2.7825,25,15,5.165
grown,47,19,1.686,0.6803,2.4404,2.1928,2.1817,24,15,4.959
he,1476,607,52.9461,21.7333,2.435,2.4913,2.1197,284,28,58.678
askin,32,13,1.1479,0.4655,2.4119,1.865,1.9218,24,11,4.959
lean,32,13,1.1479,0.4655,2.4119,2.1752,1.4445,14,10,2.893
locked,32,13,1.1479,0.4655,2.4119,1.9904,2.2232,29,20,5.992
sell,32,13,1.1479,0.4655,2.4119,2.2678,2.2534,27,16,5.579
bought,72,30,2.5827,1.0741,2.3815,2.2027,1.9243,46,17,9.504
fit,60,25,2.1523,0.8951,2.377,2.1464,1.8745,37,19,7.645
n,105,44,3.7665,1.5754,2.3752,2.2549,1.6394,28,16,5.785
broke,142,60,5.0937,2.1483,2.3598,2.2449,2.1974,85,22,17.562
goddamn,50,21,1.7936,0.7519,2.3532,2.381,2.0409,22,11,4.545
pink,50,21,1.7936,0.7519,2.3532,2.3642,2.3374,22,11,4.545
hang,82,35,2.9415,1.2532,2.3283,2.2221,1.8745,24,16,4.959
hm,47,20,1.686,0.7161,2.3214,2.0297,1.8391,22,12,4.545
hundred,121,52,4.3404,1.8618,2.3186,2.3209,2.4425,75,24,15.496
weird,35,15,1.2555,0.5371,2.2946,2.2243,2.0223,21,10,4.339
gun,67,29,2.4034,1.0383,2.2924,2.1152,1.7887,32,16,6.612
her,910,403,32.6429,14.4292,2.2607,2.2398,2.0874,256,27,52.893
kid,57,25,2.0447,0.8951,2.2591,2.2487,2.3334,35,15,7.231
stick,74,33,2.6545,1.1815,2.228,1.9462,2.2534,42,19,8.678
work,211,95,7.5689,3.4014,2.2188,2.2443,1.8256,71,23,14.669
hit,407,184,14.5996,6.588,2.2128,2.0924,2.0887,191,28,39.463
mama,217,98,7.7841,3.5088,2.2122,2.1561,1.7149,69,23,14.256
friday,38,17,1.3631,0.6087,2.2041,1.8986,1.046,11,7,2.273
thousand,73,33,2.6186,1.1815,2.1981,2.138,1.7187,43,18,8.884
c,44,20,1.5783,0.7161,2.1748,2.148,1.7054,24,14,4.959
trip,33,15,1.1838,0.5371,2.1653,2.0213,2.6001,26,14,5.372
fore,48,22,1.7218,0.7877,2.1596,1.9153,1.8745,37,16,7.645
makin,119,55,4.2687,1.9692,2.1572,2.069,2.3921,70,22,14.463
team,37,17,1.3272,0.6087,2.1469,1.8501,2.5307,29,15,5.992
put,589,275,21.1282,9.8462,2.1437,2.2394,2.0603,249,28,51.446
mhm,39,18,1.399,0.6445,2.1391,3.2342,2.6694,16,10,3.306
ready,105,49,3.7665,1.7544,2.1353,2.0726,1.9883,58,21,11.983
e,43,20,1.5425,0.7161,2.1259,1.7255,2.3012,30,14,6.198
cost,30,14,1.0761,0.5013,2.1074,1.8428,2.1479,25,16,5.165
respect,30,14,1.0761,0.5013,2.1074,1.8826,1.7013,26,14,5.372
safe,76,36,2.7262,1.289,2.0998,1.9253,1.9382,29,18,5.992
dumb,57,27,2.0447,0.9667,2.0948,2.1835,2.1163,37,16,7.645
heavy,34,16,1.2196,0.5729,2.0948,1.8564,1.7013,23,15,4.752
goin,201,96,7.2101,3.4372,2.092,1.9,1.8369,109,26,22.521
free,180,86,6.4568,3.0792,2.0906,1.9686,1.6149,75,24,15.496
ground,161,77,5.7753,2.7569,2.0878,2.2275,1.1009,13,11,2.686
park,38,18,1.3631,0.6445,2.085,1.9161,1.6591,28,16,5.785
g,96,46,3.4436,1.647,2.0791,1.9916,3.6147,63,25,13.017
body,199,96,7.1384,3.4372,2.0712,2.0927,2.0143,101,26,20.868
doin,185,91,6.6362,3.2582,2.0311,1.8261,1.9124,89,26,18.388
which,37,18,1.3272,0.6445,2.0308,1.7716,1.7086,21,13,4.339
ball,49,24,1.7577,0.8593,2.0242,1.7605,2.1316,34,17,7.025
gettin,301,149,10.7973,5.3349,2.0205,1.9135,1.978,119,26,24.587
em,549,275,19.6934,9.8462,1.9983,2.0589,2.124,207,28,42.769
men,38,19,1.3631,0.6803,1.978,1.7064,1.8077,26,11,5.372
wow,34,17,1.2196,0.6087,1.9751,1.6927,1.314,14,10,2.893
dad,32,16,1.1479,0.5729,1.9734,1.8159,1.823,17,9,3.512
feelin,142,72,5.0937,2.5779,1.9692,1.8026,2.0058,78,22,16.116
five,116,59,4.1611,2.1125,1.9616,2.077,1.8629,72,21,14.876
act,76,39,2.7262,1.3964,1.9403,1.8936,1.3178,45,19,9.298
foot,35,18,1.2555,0.6445,1.9225,1.694,1.497,20,12,4.132
follow,33,17,1.1838,0.6087,1.9179,1.7793,1.8464,20,16,4.132
woo,245,129,8.7885,4.6188,1.8993,1.7085,1.8586,88,21,18.182
week,63,33,2.2599,1.1815,1.8991,1.6643,1.1605,25,13,5.165
b,78,41,2.798,1.468,1.8951,1.7854,1.7449,53,19,10.95
brand,51,27,1.8294,0.9667,1.8762,1.9885,2.0082,27,11,5.579
six,60,32,2.1523,1.1457,1.865,1.7773,1.434,35,19,7.231
gotta,372,201,13.3441,7.1967,1.8521,1.934,1.7992,180,27,37.19
field,30,16,1.0761,0.5729,1.8519,1.5576,1.6203,17,10,3.512
m,109,59,3.91,2.1125,1.8438,1.7552,1.4244,72,24,14.876
none,72,39,2.5827,1.3964,1.8389,1.7214,1.8702,36,17,7.438
ain't,1663,907,59.6541,32.4746,1.8365,1.8856,1.9512,396,28,81.818
callin,64,35,2.2958,1.2532,1.8203,1.5931,1.6306,51,19,10.537
million,62,34,2.224,1.2174,1.815,1.7535,1.513,40,19,8.264
yeah,2732,1534,98.0005,54.924,1.784,1.7228,1.6415,386,28,79.752
hide,68,38,2.4393,1.3606,1.7825,1.7278,1.7176,34,18,7.025
front,96,54,3.4436,1.9334,1.774,1.6522,1.6479,50,22,10.331
spend,64,36,2.2958,1.289,1.7704,2.0768,1.5535,39,16,8.058
d,85,48,3.0491,1.7186,1.7662,1.6707,1.4644,55,17,11.364
outside,112,64,4.0176,2.2915,1.7474,1.6846,1.7431,67,21,13.843
scene,30,17,1.0761,0.6087,1.7461,1.6737,1.5242,24,12,4.959
set,63,36,2.2599,1.289,1.743,1.5881,1.5487,40,17,8.264
bout,408,235,14.6355,8.414,1.7378,1.7275,1.7511,198,28,40.909
got,1896,1100,68.0121,39.3849,1.7265,1.7105,1.7077,407,28,84.091
takin,83,48,2.9773,1.7186,1.7249,1.579,1.7912,55,22,11.364
south,33,19,1.1838,0.6803,1.7212,1.5221,1.497,23,9,4.752
london,31,18,1.112,0.6445,1.7059,1.4522,3.2934,24,12,4.959
off,613,360,21.9891,12.8896,1.705,1.6906,1.548,244,27,50.413
needs,56,33,2.0088,1.1815,1.6897,1.579,1.2912,12,9,2.479
face,280,167,10.044,5.9793,1.6778,1.7313,1.5077,147,26,30.372
ask,114,68,4.0893,2.4347,1.6747,1.6544,1.56,77,22,15.909
trust,113,68,4.0535,2.4347,1.66,1.5379,1.8191,64,23,13.223
sayin,98,59,3.5154,2.1125,1.6586,1.5178,1.5715,57,18,11.777
catch,99,60,3.5513,2.1483,1.6477,1.6406,1.7444,63,21,13.017
what's,204,124,7.3178,4.4398,1.6456,1.6786,1.4864,96,24,19.835
low,82,51,2.9415,1.826,1.6049,1.4598,1.2616,45,19,9.298
black,130,81,4.6633,2.9002,1.6042,1.5604,1.9481,89,26,18.388
done,253,158,9.0755,5.6571,1.6024,1.5719,1.4584,130,25,26.86
movin,53,33,1.9012,1.1815,1.6,1.4405,1.3709,35,18,7.231
speak,56,35,2.0088,1.2532,1.5945,1.6939,2.0993,43,23,8.884
real,366,230,13.1289,8.235,1.593,1.5673,1.7195,174,26,35.95
el,32,20,1.1479,0.7161,1.5883,1.4778,1.2667,10,8,2.066
sittin,43,27,1.5425,0.9667,1.5848,1.4022,1.9067,32,17,6.612
came,144,91,5.1655,3.2582,1.5822,1.5936,1.5819,101,27,20.868
whenever,35,22,1.2555,0.7877,1.5807,1.619,1.7655,18,16,3.719
look,498,316,17.8639,11.3142,1.578,1.5924,1.6258,203,28,41.942
like,3204,2036,114.9318,72.8978,1.5765,1.5504,1.6315,446,28,92.149
kick,41,26,1.4707,0.9309,1.569,1.3966,1.71,30,15,6.198
with,2037,1306,73.0699,46.7606,1.5624,1.5475,1.5769,425,28,87.81
must,86,55,3.0849,1.9692,1.5615,1.5408,1.4377,44,18,9.091
show,206,132,7.3895,4.7262,1.5614,1.4906,1.2978,117,26,24.174
pay,75,48,2.6904,1.7186,1.5596,1.4897,1.3888,54,19,11.157
shut,50,32,1.7936,1.1457,1.5568,1.6824,1.4889,22,12,4.545
play,225,145,8.0711,5.1916,1.5527,1.425,1.4841,122,25,25.207
up,2267,1476,81.3204,52.8473,1.5386,1.5366,1.4359,425,28,87.81
wife,34,22,1.2196,0.7877,1.5362,1.6018,1.4445,22,12,4.545
would've,40,26,1.4349,0.9309,1.5312,1.4899,1.552,25,14,5.165
him,543,356,19.4781,12.7464,1.5274,1.5513,1.5745,188,27,38.843
get,1560,1031,55.9593,36.9144,1.5157,1.4635,1.5605,396,28,81.818
ran,38,25,1.3631,0.8951,1.5126,1.4345,1.431,29,15,5.992
eight,41,27,1.4707,0.9667,1.5119,1.456,1.4757,26,16,5.372
listen,47,31,1.686,1.1099,1.5108,1.4354,1.3709,37,16,7.645
send,77,51,2.7621,1.826,1.5077,1.3923,1.6265,51,20,10.537
pick,87,58,3.1208,2.0767,1.4985,1.3838,1.4811,43,17,8.884
give,514,344,18.4379,12.3167,1.4963,1.4646,1.4688,202,26,41.736
stop,227,152,8.1428,5.4423,1.4946,1.4246,1.49,124,26,25.62
smart,30,20,1.0761,0.7161,1.4906,1.334,1.352,13,11,2.686
turned,55,37,1.9729,1.3248,1.4828,1.3848,1.1771,39,19,8.058
whatever,89,60,3.1926,2.1483,1.4821,1.3917,1.3751,32,17,6.612
ring,49,33,1.7577,1.1815,1.4804,1.2811,1.483,29,19,5.992
blow,40,27,1.4349,0.9667,1.4755,1.3218,1.4714,33,19,6.818
quick,40,27,1.4349,0.9667,1.4755,1.2969,1.431,29,15,5.992
against,37,25,1.3272,0.8951,1.4733,1.4625,1.5009,25,15,5.165
school,37,25,1.3272,0.8951,1.4733,1.3766,1.2406,30,14,6.198
heat,38,26,1.3631,0.9309,1.4555,1.2753,1.4289,24,14,4.959
news,49,34,1.7577,1.2174,1.4375,1.5879,1.2912,18,13,3.719
cute,36,25,1.2914,0.8951,1.434,1.1951,1.3556,26,10,5.372
twenty,93,65,3.336,2.3273,1.4301,1.386,1.5783,57,22,11.777
clean,33,23,1.1838,0.8235,1.4282,1.3292,1.4163,29,17,5.992
rather,80,56,2.8697,2.005,1.4274,1.3585,0.8997,25,15,5.165
on,3494,2467,125.3345,88.3295,1.4189,1.4214,1.3581,463,28,95.661
peace,71,50,2.5469,1.7902,1.4185,1.3207,1.5078,34,17,7.025
walk,202,143,7.246,5.12,1.4138,1.3481,1.1098,92,23,19.008
really,346,246,12.4115,8.8079,1.4083,1.4231,1.4271,163,27,33.678
lot,118,84,4.2328,3.0076,1.405,1.2921,1.3854,68,24,14.05
steady,35,25,1.2555,0.8951,1.3948,1.33,1.4907,12,9,2.479
s,67,48,2.4034,1.7186,1.3944,1.363,1.2208,51,21,10.537
family,53,38,1.9012,1.3606,1.3922,1.3067,1.3069,32,16,6.612
daddy,71,51,2.5469,1.826,1.3909,1.2555,1.3394,46,17,9.504
music,57,41,2.0447,1.468,1.3881,1.6451,1.3416,41,17,8.471
fault,50,36,1.7936,1.289,1.3861,1.3205,0.9374,14,11,2.893
giving,32,23,1.1479,0.8235,1.3856,1.3415,1.1489,20,10,4.132
need,657,476,23.5675,17.0429,1.3824,1.3062,1.4358,247,27,51.033
war,36,26,1.2914,0.9309,1.3799,1.2359,1.3101,25,14,5.165
shoot,47,34,1.686,1.2174,1.3794,1.2938,1.6781,38,16,7.851
four,103,75,3.6947,2.6853,1.3734,1.4787,1.4499,66,25,13.636
his,403,296,14.4562,10.5981,1.3634,1.3215,1.3997,183,27,37.81
tongue,41,30,1.4707,1.0741,1.3632,1.1937,0.9975,23,14,4.752
phone,122,90,4.3763,3.2224,1.3561,1.4493,1.1379,73,24,15.083
bad,347,257,12.4474,9.2017,1.352,1.3943,1.1694,143,25,29.545
floor,104,77,3.7306,2.7569,1.3509,1.4288,0.9395,42,16,8.678
watch,135,100,4.8426,3.5804,1.3508,1.2849,1.3655,81,24,16.736
street,48,36,1.7218,1.289,1.3313,1.2303,1.4141,40,21,8.264
ex,44,33,1.5783,1.1815,1.3308,1.2132,1.6371,37,16,7.645
use,41,31,1.4707,1.1099,1.3199,1.1426,0.9876,22,15,4.545
i'm,4077,3103,146.2475,111.1012,1.3163,1.3038,1.3557,470,28,97.107
white,110,84,3.9458,3.0076,1.3101,1.2337,1.4496,73,22,15.083
woah,270,209,9.6853,7.4831,1.2936,1.2541,1.3765,56,19,11.57
pack,35,27,1.2555,0.9667,1.2933,1.1332,1.4,30,16,6.198
ride,184,143,6.6003,5.12,1.2881,1.2639,1.2626,83,25,17.149
settle,31,24,1.112,0.8593,1.2881,1.2448,1.1293,13,9,2.686
workin,36,28,1.2914,1.0025,1.2831,1.1181,1.2355,25,16,5.165
new,256,200,9.1831,7.1609,1.2817,1.3092,1.2155,148,26,30.579
pass,60,47,2.1523,1.6828,1.2761,1.3815,1.0804,35,16,7.231
move,135,106,4.8426,3.7953,1.2747,1.2619,1.1748,67,23,13.843
throw,118,93,4.2328,3.3298,1.2697,1.2273,0.9771,59,16,12.19
stupid,48,38,1.7218,1.3606,1.2621,1.3604,1.3394,32,11,6.612
then,522,415,18.7248,14.8588,1.2599,1.2405,1.2326,231,28,47.727
story,39,31,1.399,1.1099,1.2563,1.2169,1.2066,30,17,6.198
tellin,60,48,2.1523,1.7186,1.2498,1.0961,1.3324,40,18,8.264
that's,632,507,22.6707,18.1528,1.2486,1.2229,1.1975,248,28,51.24
my,4894,3948,175.5544,141.3559,1.2419,1.2435,1.179,480,28,99.174
dead,145,117,5.2013,4.1891,1.2406,1.5116,1.5944,56,20,11.57
brought,31,25,1.112,0.8951,1.2376,1.2133,1.461,26,15,5.372
mouth,63,51,2.2599,1.826,1.2353,1.1407,1.2091,45,20,9.298
ridin,48,39,1.7218,1.3964,1.2301,1.0989,1.3709,34,19,7.025
young,113,92,4.0535,3.294,1.2293,1.1488,1.2698,69,19,14.256
cup,32,26,1.1479,0.9309,1.2287,1.1878,1.3124,24,16,4.959
name,146,119,5.2372,4.2607,1.2282,1.2042,1.3116,107,28,22.107
man,521,425,18.689,15.2169,1.2279,1.2769,1.3907,198,26,40.909
make,782,647,28.0514,23.1655,1.2108,1.2088,1.1506,272,28,56.198
king,35,29,1.2555,1.0383,1.2056,1.0186,1.8647,30,18,6.198
write,35,29,1.2555,1.0383,1.2056,1.1871,1.5009,33,16,6.818
started,47,39,1.686,1.3964,1.2048,1.0742,1.0737,33,18,6.818
even,397,333,14.2409,11.9229,1.1941,1.2012,1.2404,190,28,39.256
key,31,26,1.112,0.9309,1.1909,0.9944,1.2415,24,14,4.959
shoulder,39,33,1.399,1.1815,1.1813,1.3284,1.0706,16,12,3.306
let's,270,230,9.6853,8.235,1.1757,1.2979,1.3668,138,26,28.512
first,170,145,6.0981,5.1916,1.174,1.1546,1.0642,90,26,18.595
truck,41,35,1.4707,1.2532,1.1712,1.1329,1.2204,29,16,5.992
red,137,118,4.9144,4.2249,1.1625,1.2102,1.1692,69,22,14.256
tough,36,31,1.2914,1.1099,1.1609,1.1328,1.0706,27,16,5.579
walkin,36,31,1.2914,1.1099,1.1609,1.1911,1.3289,26,16,5.372
out,1272,1099,45.6284,39.3491,1.1595,1.1469,1.1728,375,28,77.479
streets,45,39,1.6142,1.3964,1.1541,1.0743,1.4785,41,18,8.471
weren't,30,26,1.0761,0.9309,1.1531,1.0641,1.1778,20,6,4.132
a,6393,5560,229.3255,199.0727,1.152,1.1491,1.151,481,28,99.38
we,1707,1485,61.2324,53.1696,1.1516,1.1534,1.1354,363,28,75.0
today,38,33,1.3631,1.1815,1.1514,1.0789,1.0796,24,15,4.959
probably,70,61,2.511,2.1841,1.1485,1.1459,1.2316,54,19,11.157
that,3480,3036,124.8323,108.7023,1.1484,1.1385,1.0755,462,28,95.455
this,1457,1272,52.2646,45.5432,1.1475,1.1366,1.2093,385,28,79.545
feet,71,62,2.5469,2.2199,1.1461,1.0604,0.9822,45,19,9.298
though,78,69,2.798,2.4705,1.1316,1.0461,1.1946,64,21,13.223
car,87,77,3.1208,2.7569,1.1311,1.1527,1.1428,60,21,12.397
slow,61,54,2.1882,1.9334,1.1305,1.0731,1.1279,38,17,7.851
two,281,249,10.0798,8.9153,1.1304,1.1814,1.158,139,28,28.719
near,35,31,1.2555,1.1099,1.1291,1.1174,1.2049,23,12,4.752
dirty,36,32,1.2914,1.1457,1.1252,1.0598,1.4,23,14,4.752
fucking,46,41,1.6501,1.468,1.1226,1.0644,1.0534,24,12,4.959
star,38,34,1.3631,1.2174,1.118,1.0274,0.9928,26,13,5.372
both,96,86,3.4436,3.0792,1.1177,1.1226,0.8793,47,22,9.711
knees,48,43,1.7218,1.5396,1.117,1.0424,1.0267,29,14,5.992
win,51,46,1.8294,1.647,1.1096,1.1849,0.9184,29,19,5.992
bein,43,39,1.5425,1.3964,1.1033,0.9572,1.1899,27,12,5.579
kill,55,50,1.9729,1.7902,1.1011,1.0884,1.0379,38,18,7.851
went,112,102,4.0176,3.6521,1.0996,1.139,1.0492,69,23,14.256
case,35,32,1.2555,1.1457,1.0943,0.9967,1.4445,29,16,5.992
turn,201,184,7.2101,6.588,1.0942,1.0591,0.9975,112,25,23.14
wait,141,130,5.0579,4.6546,1.0863,1.0049,1.0295,62,22,12.81
pray,200,185,7.1743,6.6238,1.0829,0.9831,0.9843,46,18,9.504
what,1291,1195,46.3099,42.7863,1.0823,1.1045,1.0858,344,28,71.074
seen,108,100,3.8741,3.5804,1.0816,1.0242,0.972,79,24,16.322
y,58,54,2.0805,1.9334,1.0754,0.9859,0.9944,38,19,7.851
go,1103,1029,39.5661,36.8428,1.0739,1.1056,1.0533,321,28,66.322
step,74,69,2.6545,2.4705,1.0739,1.0111,0.9639,44,18,9.091
word,45,42,1.6142,1.5038,1.0726,0.978,0.8898,36,20,7.438
skin,47,44,1.686,1.5754,1.0694,1.0848,1.1143,34,15,7.025
gave,106,100,3.8024,3.5804,1.0617,1.0905,1.0436,66,23,13.636
r,73,69,2.6186,2.4705,1.0595,1.0151,0.9499,58,25,11.983
see,640,608,22.9577,21.7691,1.0546,1.0698,1.1419,258,28,53.306
guy,80,76,2.8697,2.7211,1.0543,0.9879,0.5852,22,10,4.545
run,223,212,7.9993,7.5905,1.0537,1.0367,1.0356,96,25,19.835
nobody,95,91,3.4078,3.2582,1.0457,1.0563,0.9241,66,20,13.636
don't,2111,2047,75.7244,73.2917,1.0332,1.041,1.045,420,28,86.777
instead,33,32,1.1838,1.1457,1.0327,1.044,0.6628,14,11,2.893
club,103,100,3.6947,3.5804,1.0318,0.9391,1.0987,69,24,14.256
dirt,35,34,1.2555,1.2174,1.0309,1.1085,1.0187,26,16,5.372
buy,82,80,2.9415,2.8644,1.0268,1.3171,1.1308,55,21,11.364
city,85,84,3.0491,3.0076,1.0137,0.9565,0.9188,56,24,11.57
tell,484,481,17.3617,17.2219,1.0081,1.0289,1.0065,207,28,42.769
brother,31,31,1.112,1.1099,1.0019,0.8717,0.9347,24,12,4.959
inside,98,98,3.5154,3.5088,1.0019,0.9404,0.944,60,20,12.397
some,504,505,18.0792,18.0812,0.9999,1.0177,1.1256,221,26,45.661
met,73,74,2.6186,2.6495,0.9884,0.9863,0.8251,43,19,8.884
too,507,514,18.1868,18.4035,0.9882,0.982,0.869,198,28,40.909
couple,67,68,2.4034,2.4347,0.9872,1.0688,0.8985,46,17,9.504
told,197,200,7.0667,7.1609,0.9869,0.9692,0.9536,128,27,26.446
no,1312,1338,47.0632,47.9063,0.9824,0.9921,1.0278,383,28,79.132
god,286,292,10.2592,10.4549,0.9813,0.9283,1.0296,136,27,28.099
had,352,361,12.6267,12.9254,0.9769,0.9483,0.9467,168,25,34.711
care,144,148,5.1655,5.2991,0.9749,0.9412,0.8667,69,21,14.256
space,35,36,1.2555,1.289,0.9744,0.8701,0.8961,24,15,4.959
it,3985,4102,142.9473,146.8698,0.9733,0.9727,0.9214,452,28,93.388
livin,65,67,2.3316,2.3989,0.9722,0.8953,1.2452,50,20,10.331
breathe,30,31,1.0761,1.1099,0.9701,0.9391,1.1363,22,11,4.545
watchin,30,31,1.0761,1.1099,0.9701,0.8016,1.1363,27,13,5.579
reason,54,56,1.9371,2.005,0.9664,1.0023,1.1519,45,18,9.298
start,108,112,3.8741,4.0101,0.9662,0.9833,1.0008,80,21,16.529
three,124,129,4.448,4.6188,0.9632,1.0119,0.9898,68,24,14.05
different,73,76,2.6186,2.7211,0.9626,0.9187,0.9231,50,21,10.331
everybody,72,75,2.5827,2.6853,0.9621,0.9497,1.1347,51,17,10.537
lie,115,120,4.1252,4.2965,0.9603,0.9258,0.933,62,25,12.81
soul,62,65,2.224,2.3273,0.956,0.933,0.8337,42,20,8.678
the,8460,8870,303.4716,317.5853,0.9556,0.961,0.9616,482,28,99.587
party,78,82,2.798,2.936,0.9533,0.9387,0.9119,43,17,8.884
keep,465,489,16.6802,17.5084,0.9527,0.9096,0.9623,214,28,44.215
let,569,603,20.4108,21.5901,0.9454,0.9467,0.9435,219,27,45.248
from,576,611,20.6619,21.8765,0.9445,0.9403,0.928,254,27,52.479
power,32,34,1.1479,1.2174,0.9438,0.8222,0.8971,21,13,4.339
since,94,100,3.3719,3.5804,0.9421,0.9052,0.9897,65,26,13.43
kids,62,66,2.224,2.3631,0.9416,1.1735,1.1221,48,20,9.917
water,61,65,2.1882,2.3273,0.9407,0.8395,1.0127,42,18,8.678
fast,75,80,2.6904,2.8644,0.9396,0.9148,0.8979,46,17,9.504
come,450,480,16.1421,17.1861,0.9393,0.9281,0.9303,214,27,44.215
bring,133,143,4.7709,5.12,0.9321,1.204,0.8667,60,20,12.397
stand,64,69,2.2958,2.4705,0.9298,0.8827,0.9127,46,19,9.504
sit,51,55,1.8294,1.9692,0.9297,1.0084,0.8481,40,19,8.264
round,113,123,4.0535,4.4039,0.9207,0.9814,0.9842,65,21,13.43
somethin,162,177,5.8112,6.3374,0.9172,0.8676,0.9374,88,26,18.182
side,117,128,4.1969,4.583,0.9161,0.9266,0.8939,68,21,14.05
sick,41,45,1.4707,1.6112,0.9138,0.9028,1.0425,36,16,7.438
point,30,33,1.0761,1.1815,0.9121,0.8836,0.8982,24,14,4.959
spent,30,33,1.0761,1.1815,0.9121,0.8385,0.8667,19,10,3.926
how,640,704,22.9577,25.2063,0.9109,0.9101,0.938,253,28,52.273
open,67,74,2.4034,2.6495,0.9077,0.8377,1.0855,47,20,9.711
us,224,248,8.0352,8.8795,0.9051,0.9057,0.8955,112,27,23.14
is,1246,1383,44.6957,49.5175,0.9027,0.9021,0.9224,349,27,72.107
fight,87,97,3.1208,3.473,0.8991,0.8501,0.7969,45,15,9.298
full,60,67,2.1523,2.3989,0.898,0.8574,0.8508,38,18,7.851
line,86,96,3.0849,3.4372,0.898,0.9682,1.0231,65,23,13.43
deal,34,38,1.2196,1.3606,0.8978,0.8886,1.1046,25,14,5.165
roll,42,47,1.5066,1.6828,0.8964,0.8138,0.8898,31,18,6.405
in,3260,3645,116.9406,130.5072,0.8961,0.8997,0.9334,467,28,96.488
next,83,93,2.9773,3.3298,0.8947,0.9225,0.8417,44,21,9.091
nothin,157,176,5.6318,6.3016,0.894,0.8434,1.0635,96,26,19.835
it's,1593,1794,57.1431,64.2332,0.8897,0.8799,0.8687,372,28,76.86
child,31,35,1.112,1.2532,0.889,0.7676,0.9297,25,15,5.165
cut,70,79,2.511,2.8286,0.8884,0.8329,0.9076,58,20,11.983
least,30,34,1.0761,1.2174,0.8857,0.7841,0.8667,26,13,5.372
person,30,34,1.0761,1.2174,0.8857,1.6063,0.834,19,13,3.926
teeth,30,34,1.0761,1.2174,0.8857,0.7689,0.8313,22,13,4.545
most,45,51,1.6142,1.826,0.8851,0.8755,1.2134,36,18,7.438
cause,709,807,25.4328,28.8942,0.8803,0.882,0.8594,286,28,59.091
till,35,40,1.2555,1.4322,0.8782,0.8287,0.8667,24,7,4.959
thinkin,102,117,3.6589,4.1891,0.874,0.7912,0.8564,60,20,12.397
straight,59,68,2.1164,2.4347,0.8702,0.8432,0.9918,44,22,9.091
want,605,698,21.7022,24.9915,0.8685,0.8381,0.8474,231,28,47.727
whole,122,141,4.3763,5.0484,0.8673,0.9648,0.9102,81,24,16.736
fell,38,44,1.3631,1.5754,0.8668,0.85,1.0043,32,18,6.612
pain,81,94,2.9056,3.3656,0.864,0.8591,0.7046,47,13,9.711
me,4154,4818,149.0096,172.5058,0.8638,0.8582,0.8585,462,28,95.455
i,10218,11874,366.5335,425.1419,0.8621,0.8613,0.8726,481,28,99.38
crazy,117,137,4.1969,4.9052,0.8561,0.8333,0.8574,62,20,12.81
head,224,263,8.0352,9.4166,0.8536,0.8984,0.8667,115,26,23.76
hair,67,79,2.4034,2.8286,0.8506,0.8211,0.662,41,14,8.471
talk,268,316,9.6135,11.3142,0.8499,0.8173,1.0432,137,27,28.306
touch,83,98,2.9773,3.5088,0.8493,0.7715,0.7054,35,19,7.231
heard,97,115,3.4795,4.1175,0.8457,0.7974,0.8308,71,25,14.669
know,1682,1994,60.3356,71.394,0.8451,0.8405,0.843,395,28,81.612
girls,118,140,4.2328,5.0126,0.845,0.8165,0.6538,45,18,9.298
favorite,37,44,1.3272,1.5754,0.8443,0.8772,0.7766,26,13,5.372
was,900,1068,32.2842,38.2391,0.8443,0.8392,0.8311,288,28,59.504
cross,36,43,1.2914,1.5396,0.8406,0.7413,0.7373,20,11,4.132
fun,46,55,1.6501,1.9692,0.8394,0.7819,0.7073,26,14,5.372
hate,150,180,5.3807,6.4448,0.8354,0.8525,0.7707,93,24,19.215
feel,466,564,16.716,20.1937,0.8279,0.8452,0.8623,195,27,40.289
house,99,120,3.5513,4.2965,0.8273,0.8335,0.7963,74,24,15.289
soon,42,51,1.5066,1.826,0.8268,0.7881,0.936,33,19,6.818
green,37,45,1.3272,1.6112,0.8257,0.7042,0.8667,31,17,6.405
smoke,78,95,2.798,3.4014,0.8235,0.7988,0.853,49,19,10.124
gimme,41,50,1.4707,1.7902,0.8233,0.7452,0.7334,13,8,2.686
who,369,450,13.2365,16.112,0.8217,0.8018,0.8993,193,26,39.876
shot,54,66,1.9371,2.3631,0.8211,0.8073,0.9663,45,21,9.298
mean,135,165,4.8426,5.9077,0.8203,0.8303,0.8981,79,23,16.322
behind,49,60,1.7577,2.1483,0.8197,0.8323,0.8481,42,20,8.678
for,1591,1956,57.0713,70.0335,0.815,0.7989,0.8415,380,28,78.512
friend,95,117,3.4078,4.1891,0.8143,0.8048,0.7525,50,20,10.331
if,1142,1416,40.9651,50.6991,0.8081,0.8019,0.8103,343,28,70.868
clothes,45,56,1.6142,2.005,0.8068,0.7894,0.7059,34,14,7.025
pretty,115,143,4.1252,5.12,0.8064,0.7727,0.6257,61,19,12.603
boy,237,295,8.5015,10.5623,0.8052,0.7535,0.7358,111,26,22.934
truth,69,86,2.4751,3.0792,0.805,0.7752,0.6946,47,20,9.711
one,800,996,28.6971,35.6612,0.8048,0.8032,0.8125,274,28,56.612
talking,32,40,1.1479,1.4322,0.804,0.8401,0.7841,15,10,3.099
tight,40,50,1.4349,1.7902,0.8035,0.7416,0.8667,29,17,5.992
take,472,589,16.9313,21.0888,0.803,0.7885,0.7801,230,27,47.521
back,790,988,28.3384,35.3748,0.8012,0.7876,0.8418,275,28,56.818
minute,43,54,1.5425,1.9334,0.7997,0.7171,0.7832,27,15,5.579
down,653,820,23.424,29.3596,0.798,0.8126,0.7765,224,27,46.281
should've,46,58,1.6501,2.0767,0.7964,0.7165,0.8871,25,15,5.165
can't,783,987,28.0873,35.339,0.7949,0.7924,0.8825,313,28,64.669
leave,175,221,6.2775,7.9128,0.7938,0.7803,0.7938,115,23,23.76
tired,41,52,1.4707,1.8618,0.792,0.7354,0.7471,26,13,5.372
stuck,59,75,2.1164,2.6853,0.7896,0.7272,0.6628,35,17,7.231
knew,96,122,3.4436,4.3681,0.7892,0.7564,0.7925,74,24,15.289
wanna,720,918,25.8274,32.8685,0.7859,0.7737,0.7684,255,28,52.686
do,1047,1336,37.5573,47.8347,0.7852,0.8059,0.8342,324,28,66.942
hot,118,151,4.2328,5.4065,0.7836,0.7351,0.936,57,22,11.777
son,39,50,1.399,1.7902,0.7836,0.6969,0.8423,26,15,5.372
find,195,250,6.9949,8.9511,0.7819,0.7876,0.7664,90,24,18.595
pour,35,45,1.2555,1.6112,0.7817,0.8373,1.1986,25,17,5.165
why,319,410,11.443,14.6798,0.7798,0.7692,0.9356,174,28,35.95
around,206,265,7.3895,9.4882,0.7792,0.755,0.7873,126,27,26.033
believe,93,120,3.336,4.2965,0.7774,0.8545,0.8025,63,20,13.017
call,240,310,8.6091,11.0994,0.776,0.7347,0.7937,133,26,27.479
caught,40,52,1.4349,1.8618,0.7729,0.7922,0.8898,35,20,7.231
father,40,52,1.4349,1.8618,0.7729,0.7131,0.9142,25,12,5.165
say,586,761,21.0206,27.2472,0.7716,0.7786,0.7432,264,28,54.545
times,93,121,3.336,4.3323,0.771,0.7143,0.7875,55,21,11.364
fly,56,73,2.0088,2.6137,0.7701,0.7819,0.9065,37,16,7.645
hold,165,215,5.9188,7.698,0.7694,0.7858,0.8908,95,26,19.628
sign,32,42,1.1479,1.5038,0.7661,0.6844,0.7867,25,14,5.165
about,350,458,12.555,16.3984,0.7659,0.7543,0.8277,158,28,32.645
be,1428,1868,51.2243,66.8827,0.7659,0.7571,0.7945,382,28,78.926
high,116,152,4.1611,5.4423,0.7654,0.8052,0.7528,74,22,15.289
thank,35,46,1.2555,1.647,0.7649,0.7023,0.7934,21,14,4.339
at,667,876,23.9262,31.3647,0.763,0.7542,0.7359,274,28,56.612
fear,31,41,1.112,1.468,0.7605,0.6973,0.7632,19,11,3.926
feelings,34,45,1.2196,1.6112,0.7597,0.6927,0.8408,31,15,6.405
baby,597,788,21.4152,28.2139,0.7592,0.738,0.7076,207,27,42.769
where,326,431,11.6941,15.4317,0.7581,0.7722,0.7822,165,28,34.091
scared,59,79,2.1164,2.8286,0.7498,0.7184,0.7419,38,15,7.851
or,323,432,11.5864,15.4675,0.7494,0.7403,0.7612,165,26,34.091
clear,32,43,1.1479,1.5396,0.7485,0.8136,0.6958,23,13,4.752
much,177,238,6.3492,8.5215,0.7456,0.713,0.617,90,25,18.595
not,667,897,23.9262,32.1166,0.7451,0.7388,0.7206,261,28,53.926
year,40,54,1.4349,1.9334,0.7445,0.7079,0.9155,35,15,7.231
sound,37,50,1.3272,1.7902,0.744,0.6881,0.8217,30,15,6.198
stay,200,270,7.1743,9.6672,0.7426,0.7577,0.8006,104,27,21.488
t,94,127,3.3719,4.5472,0.7426,0.714,1.4036,66,23,13.636
understand,56,76,2.0088,2.7211,0.7399,0.7258,0.6773,29,13,5.992
made,216,296,7.7482,10.5981,0.7316,0.7817,0.7625,125,28,25.826
going,61,84,2.1882,3.0076,0.7292,0.8695,0.7003,34,15,7.025
hey,287,395,10.2951,14.1428,0.7283,0.7581,0.8284,69,20,14.256
than,210,290,7.533,10.3833,0.726,0.7051,0.7279,132,27,27.273
still,397,550,14.2409,19.6924,0.7234,0.7035,0.7466,195,28,40.289
just,1224,1696,43.9065,60.7243,0.7231,0.7026,0.755,367,28,75.826
fire,74,103,2.6545,3.6879,0.7212,0.6778,0.7213,43,20,8.884
can,713,992,25.5763,35.518,0.7202,0.7223,0.7779,256,27,52.893
live,99,138,3.5513,4.941,0.7198,0.702,0.8025,69,21,14.256
while,99,139,3.5513,4.9768,0.7146,0.673,0.6893,67,23,13.843
took,121,170,4.3404,6.0868,0.7139,0.6875,0.6508,83,26,17.149
second,39,55,1.399,1.9692,0.713,0.639,0.6617,26,15,5.372
way,461,649,16.5367,23.2371,0.7119,0.7379,0.6571,193,26,39.876
would,254,358,9.1113,12.818,0.7112,0.6803,0.6887,104,24,21.488
perfect,38,54,1.3631,1.9334,0.7077,0.7613,0.666,28,17,5.785
when,1036,1469,37.1627,52.5967,0.7067,0.7028,0.7341,318,28,65.702
same,143,203,5.1296,7.2683,0.7065,0.6673,0.7844,99,23,20.455
all,1443,2049,51.7624,73.3633,0.7056,0.7054,0.6976,394,28,81.405
people,99,141,3.5513,5.0484,0.7045,0.691,0.8325,59,17,12.19
you,7079,10070,253.9333,360.5507,0.7043,0.7012,0.7029,475,28,98.14
cool,68,97,2.4393,3.473,0.7039,0.6489,0.6224,38,16,7.851
as,377,537,13.5235,19.227,0.7036,0.7011,0.6284,168,27,34.711
and,3853,5489,138.2123,196.5306,0.7033,0.7115,0.7183,471,28,97.314
said,321,458,11.5147,16.3984,0.7025,0.6941,0.6158,158,27,32.645
chest,37,53,1.3272,1.8976,0.7022,0.6716,0.8009,32,17,6.612
thought,149,214,5.3448,7.6621,0.6983,0.7262,0.6928,83,23,17.149
better,245,352,8.7885,12.6032,0.6978,0.6929,0.8138,133,27,27.479
did,226,325,8.1069,11.6364,0.6972,0.6982,0.6389,126,26,26.033
please,100,144,3.5871,5.1558,0.6968,0.6426,0.6605,58,23,11.983
boys,54,78,1.9371,2.7927,0.6956,0.6864,0.7461,36,19,7.438
swear,56,81,2.0088,2.9002,0.6945,0.6366,0.8053,37,17,7.645
kiss,69,100,2.4751,3.5804,0.6928,0.6837,0.6108,41,16,8.471
bet,60,87,2.1523,3.115,0.6927,0.6463,0.7439,49,21,10.124
your,1825,2642,65.4652,94.5953,0.6921,0.6943,0.6976,380,28,78.512
l,35,51,1.2555,1.826,0.6906,0.6981,0.5301,27,15,5.579
moon,35,51,1.2555,1.826,0.6906,0.6487,0.5093,18,14,3.719
mm,256,372,9.1831,13.3193,0.6899,0.668,0.642,73,24,15.083
years,48,70,1.7218,2.5063,0.6892,0.6593,0.7133,34,16,7.025
been,508,740,18.2226,26.4953,0.688,0.6769,0.7365,217,27,44.835
hurt,63,92,2.2599,3.294,0.6878,0.7069,0.6417,31,17,6.405
drive,76,111,2.7262,3.9743,0.6874,0.6416,0.7455,46,19,9.504
dance,124,181,4.448,6.4806,0.6872,0.7693,0.5422,48,21,9.917
job,30,44,1.0761,1.5754,0.6867,0.6608,0.6908,22,12,4.545
now,760,1111,27.2622,39.7787,0.6855,0.6965,0.7126,277,28,57.231
sure,79,116,2.8338,4.1533,0.6837,0.683,0.5732,48,19,9.917
yes,72,106,2.5827,3.7953,0.682,0.6206,0.6141,37,17,7.645
yourself,48,71,1.7218,2.5421,0.6796,0.6582,0.6637,27,17,5.579
girl,402,593,14.4203,21.232,0.6794,0.678,0.7479,149,23,30.785
somebody,92,137,3.3002,4.9052,0.674,0.6992,0.672,52,21,10.744
here,278,414,9.9722,14.823,0.6731,0.7088,0.696,134,26,27.686
every,287,428,10.2951,15.3243,0.6722,0.6787,0.6623,140,26,28.926
da,166,248,5.9546,8.8795,0.6713,0.6097,0.8463,18,12,3.719
never,526,790,18.8683,28.2855,0.6673,0.684,0.7313,242,28,50.0
right,396,596,14.2051,21.3394,0.666,0.6651,0.6752,183,26,37.81
push,40,61,1.4349,2.1841,0.6598,0.5729,0.8009,31,16,6.405
sorry,67,102,2.4034,3.6521,0.6598,0.6245,0.762,25,12,5.165
couldn't,80,122,2.8697,4.3681,0.6584,0.6136,0.6356,61,24,12.603
to,3494,5330,125.3345,190.8376,0.6568,0.6498,0.6656,462,28,95.455
cold,71,109,2.5469,3.9027,0.6542,0.6719,0.6718,48,21,9.917
an,185,284,6.6362,10.1685,0.6532,0.6475,0.7403,134,24,27.686
hard,155,240,5.5601,8.5931,0.6478,0.634,0.6191,100,27,20.661
funny,32,50,1.1479,1.7902,0.6448,0.6124,0.7316,27,20,5.579
number,48,75,1.7218,2.6853,0.6436,0.607,0.9265,33,21,6.818
la,474,742,17.003,26.5669,0.6403,0.617,0.6304,36,17,7.438
but,1415,2216,50.758,79.3426,0.6398,0.6486,0.6464,388,28,80.165
blood,47,74,1.686,2.6495,0.6388,0.6094,0.6858,34,17,7.025
lo,38,60,1.3631,2.1483,0.6376,0.5784,0.7541,16,11,3.306
worry,31,49,1.112,1.7544,0.6376,0.5772,0.6,19,11,3.926
life,273,431,9.7929,15.4317,0.635,0.6361,0.6681,139,26,28.719
before,110,174,3.9458,6.23,0.6344,0.6695,0.5995,73,22,15.083
only,263,416,9.4342,14.8946,0.6338,0.6315,0.6452,141,27,29.132
die,109,173,3.91,6.1942,0.6323,0.6492,0.6509,61,20,12.603
lord,60,96,2.1523,3.4372,0.6281,0.5868,0.6946,24,14,4.959
ya,132,211,4.735,7.5547,0.6276,0.7261,0.6523,63,22,13.017
nice,39,63,1.399,2.2557,0.6232,0.5889,0.5906,34,15,7.025
together,57,92,2.0447,3.294,0.6228,0.627,0.4667,19,12,3.926
o,70,113,2.511,4.0459,0.6223,0.5823,2.1566,41,20,8.471
of,1519,2452,54.4886,87.7925,0.6207,0.6229,0.6437,389,28,80.372
through,274,443,9.8288,15.8614,0.6201,0.6148,0.6247,145,26,29.959
room,51,83,1.8294,2.9718,0.6179,0.6276,0.5674,39,16,8.058
air,38,62,1.3631,2.2199,0.6172,0.6271,0.7766,27,14,5.579
alright,72,119,2.5827,4.2607,0.6078,0.5831,0.7683,39,16,8.058
town,68,113,2.4393,4.0459,0.6047,0.6335,0.5242,32,20,6.612
might,153,255,5.4883,9.1301,0.6019,0.5785,0.6424,104,24,21.488
looking,34,57,1.2196,2.0409,0.6011,0.6411,0.4891,18,11,3.719
more,271,455,9.7211,16.291,0.5972,0.5874,0.6414,139,25,28.719
ah,527,886,18.9042,31.7227,0.5961,0.5614,0.7754,148,25,30.579
matter,42,71,1.5066,2.5421,0.5955,0.6051,0.6637,26,13,5.372
myself,115,194,4.1252,6.9461,0.5949,0.5823,0.6493,56,19,11.57
already,55,93,1.9729,3.3298,0.5947,0.5637,0.7166,41,20,8.471
so,995,1683,35.692,60.2589,0.5924,0.5884,0.5741,328,28,67.769
waitin,44,75,1.5783,2.6853,0.5905,0.6041,0.6851,31,16,6.405
comin,80,138,2.8697,4.941,0.5823,0.5711,0.6374,58,19,11.983
changed,30,52,1.0761,1.8618,0.582,0.5482,0.5161,21,12,4.339
gold,32,56,1.1479,2.005,0.5763,0.5386,0.7891,25,16,5.165
h,36,63,1.2914,2.2557,0.5759,0.5522,0.8667,33,15,6.818
because,58,102,2.0805,3.6521,0.5718,0.561,0.6842,41,21,8.471
day,202,355,7.246,12.7106,0.5707,0.5487,0.6615,117,25,24.174
save,44,78,1.5783,2.7927,0.5679,0.5505,0.4065,16,10,3.306
into,118,209,4.2328,7.4831,0.5667,0.5724,0.5694,72,24,14.876
missin,32,57,1.1479,2.0409,0.5663,0.5593,0.6099,21,14,4.339
hear,115,204,4.1252,7.3041,0.5658,0.5389,0.5968,70,22,14.463
could,299,530,10.7255,18.9764,0.5656,0.5695,0.573,150,26,30.992
taste,30,54,1.0761,1.9334,0.5607,0.5653,0.6253,23,13,4.752
th,63,113,2.2599,4.0459,0.5605,0.5309,0.4892,57,21,11.777
after,61,110,2.1882,3.9385,0.5576,0.5222,0.5682,39,18,8.058
deep,57,103,2.0447,3.6879,0.5566,0.5135,0.6606,45,18,9.298
think,345,623,12.3756,22.3062,0.5552,0.5623,0.6199,180,28,37.19
won't,199,360,7.1384,12.8896,0.5544,0.5516,0.5864,117,24,24.174
other,73,133,2.6186,4.762,0.5516,0.5831,0.6099,52,19,10.744
door,57,105,2.0447,3.7595,0.546,0.5235,0.5242,41,18,8.471
try,129,238,4.6274,8.5215,0.544,0.5569,0.5379,92,25,19.008
ever,181,335,6.4927,11.9945,0.542,0.5686,0.5735,89,23,18.388
under,49,91,1.7577,3.2582,0.542,0.533,0.7152,33,21,6.818
until,46,86,1.6501,3.0792,0.5386,0.5624,0.4801,30,14,6.198
fine,101,189,3.623,6.767,0.5366,0.5163,0.6024,59,17,12.19
runnin,64,120,2.2958,4.2965,0.5363,0.5046,0.6115,45,19,9.298
by,199,374,7.1384,13.3909,0.5337,0.5433,0.5555,124,24,25.62
doing,38,72,1.3631,2.5779,0.532,0.5232,0.499,24,13,4.959
best,76,144,2.7262,5.1558,0.5304,0.5238,0.5109,56,21,11.57
over,178,337,6.3851,12.0661,0.5299,0.5104,0.5977,100,24,20.661
light,95,181,3.4078,6.4806,0.5272,0.5387,0.4844,51,23,10.537
mine,126,240,4.5198,8.5931,0.527,0.515,0.4712,59,24,12.19
part,35,67,1.2555,2.3989,0.5269,0.4827,0.5327,30,16,6.198
devil,30,58,1.0761,2.0767,0.5223,0.5527,0.4937,15,10,3.099
between,31,60,1.112,2.1483,0.5216,0.5097,0.4881,19,10,3.926
time,514,990,18.4379,35.4464,0.5204,0.5153,0.5427,225,27,46.488
help,48,93,1.7218,3.3298,0.5197,0.525,0.4815,37,16,7.645
home,161,311,5.7753,11.1352,0.5194,0.4913,0.5177,97,23,20.041
days,79,153,2.8338,5.4781,0.5189,0.5281,0.462,42,15,8.678
sleep,53,103,1.9012,3.6879,0.5179,0.5046,0.5871,44,22,9.091
we'll,47,92,1.686,3.294,0.5145,0.4955,0.3845,14,10,2.893
hands,100,196,3.5871,7.0177,0.5124,0.5333,0.5063,61,23,12.603
left,130,255,4.6633,9.1301,0.5117,0.5044,0.5246,60,23,12.397
lose,61,121,2.1882,4.3323,0.5071,0.4997,0.5345,33,18,6.818
used,89,177,3.1926,6.3374,0.5052,0.4874,0.5533,71,22,14.669
another,99,197,3.5513,7.0535,0.5047,0.49,0.5067,71,24,14.669
past,40,80,1.4349,2.8644,0.504,0.523,0.5652,33,18,6.818
any,56,112,2.0088,4.0101,0.5032,0.523,0.634,48,21,9.917
hand,65,130,2.3316,4.6546,0.5029,0.5214,0.5045,43,22,8.884
old,98,197,3.5154,7.0535,0.4997,0.4867,0.4715,63,23,13.017
rain,46,93,1.6501,3.3298,0.4983,0.4857,0.6482,19,12,3.926
miss,74,150,2.6545,5.3707,0.4959,0.5317,0.5763,52,21,10.744
wasn't,43,88,1.5425,3.1508,0.4924,0.492,0.503,34,17,7.025
enough,99,202,3.5513,7.2325,0.4923,0.5055,0.5331,53,20,10.95
have,280,571,10.044,20.4443,0.4917,0.4909,0.5192,150,26,30.992
good,336,686,12.0528,24.5618,0.4911,0.4913,0.5659,156,27,32.231
hope,100,205,3.5871,7.3399,0.49,0.4818,0.472,58,19,11.983
true,48,99,1.7218,3.5446,0.4883,0.4628,0.4928,38,16,7.851
love,801,1647,28.733,58.9699,0.4874,0.4821,0.4643,228,28,47.107
tonight,102,212,3.6589,7.5905,0.4833,0.4772,0.435,29,17,5.992
ones,40,85,1.4349,3.0434,0.4746,0.466,0.4734,25,16,5.165
wanted,46,98,1.6501,3.5088,0.473,0.4931,0.5023,38,19,7.851
lost,93,198,3.336,7.0893,0.4719,0.4688,0.4681,53,20,10.95
change,79,169,2.8338,6.0509,0.4699,0.4619,0.5283,58,23,11.983
else,47,101,1.686,3.6162,0.4689,0.4799,0.3714,22,10,4.545
wouldn't,55,119,1.9729,4.2607,0.4653,0.5002,0.5141,45,19,9.298
am,148,320,5.309,11.4574,0.4642,0.4428,0.4516,82,24,16.942
wake,39,86,1.399,3.0792,0.4575,0.457,0.4899,26,15,5.372
til,110,242,3.9458,8.6647,0.4565,0.4561,0.5221,69,21,14.256
didn't,105,232,3.7665,8.3066,0.4546,0.465,0.4588,74,19,15.289
those,36,80,1.2914,2.8644,0.4543,0.4504,0.4757,33,16,6.818
wonder,31,69,1.112,2.4705,0.4541,0.4372,0.4006,18,13,3.719
everything,121,273,4.3404,9.7746,0.4451,0.4288,0.5453,75,24,15.496
hell,92,213,3.3002,7.6263,0.4341,0.4547,0.499,54,19,11.157
friends,82,191,2.9415,6.8386,0.4316,0.4126,0.4041,54,21,11.157
song,65,152,2.3316,5.4423,0.4303,0.4213,0.4235,40,21,8.264
world,129,303,4.6274,10.8487,0.4275,0.4348,0.4729,75,25,15.496
mind,147,346,5.2731,12.3883,0.4265,0.4352,0.4178,82,25,16.942
half,37,88,1.3272,3.1508,0.4245,0.4,0.4173,25,16,5.165
should,100,237,3.5871,8.4857,0.4239,0.407,0.4595,60,19,12.397
once,44,105,1.5783,3.7595,0.4226,0.4139,0.3958,28,15,5.785
tried,51,122,1.8294,4.3681,0.4212,0.4401,0.4588,43,20,8.884
our,115,275,4.1252,9.8462,0.42,0.4079,0.4234,63,21,13.017
meet,30,73,1.0761,2.6137,0.4157,0.3966,0.4451,24,14,4.959
nothing,49,119,1.7577,4.2607,0.415,0.4284,0.422,31,11,6.405
happy,44,108,1.5783,3.8669,0.4109,0.4045,0.3434,17,11,3.512
late,41,102,1.4707,3.6521,0.4056,0.3797,0.4197,32,15,6.612
there,173,431,6.2057,15.4317,0.4028,0.3893,0.3804,88,23,18.182
away,129,322,4.6274,11.529,0.4023,0.4041,0.3403,49,21,10.124
somewhere,41,105,1.4707,3.7595,0.3941,0.3814,0.4572,18,11,3.719
anything,47,121,1.686,4.3323,0.3917,0.3682,0.3689,28,17,5.785
they're,39,101,1.399,3.6162,0.3899,0.3779,0.4253,31,8,6.405
will,135,348,4.8426,12.4599,0.3895,0.389,0.3121,66,23,13.636
wrong,77,199,2.7621,7.1251,0.3892,0.4047,0.3963,48,22,9.917
woman,31,81,1.112,2.9002,0.3872,0.4016,0.5406,24,12,4.959
without,53,138,1.9012,4.941,0.387,0.3924,0.4225,38,15,7.851
i'll,298,780,10.6897,27.9275,0.3832,0.3815,0.378,152,27,31.405
their,47,124,1.686,4.4398,0.3822,0.3818,0.394,30,11,6.198
feeling,50,132,1.7936,4.7262,0.3818,0.4146,0.3436,19,11,3.926
long,138,363,4.9502,12.997,0.3817,0.3726,0.4199,81,24,16.736
place,67,178,2.4034,6.3732,0.3789,0.3832,0.3998,48,19,9.917
found,62,165,2.224,5.9077,0.3783,0.4095,0.4122,39,19,8.058
alone,79,211,2.8338,7.5547,0.3766,0.3957,0.3494,41,19,8.471
wish,83,224,2.9773,8.0202,0.3726,0.3839,0.3759,42,20,8.678
again,207,561,7.4254,20.0863,0.3702,0.3636,0.5028,68,23,14.05
something,60,164,2.1523,5.8719,0.3685,0.3801,0.3161,25,13,5.165
who's,44,121,1.5783,4.3323,0.3669,0.3508,0.5457,26,16,5.372
i'd,138,378,4.9502,13.5341,0.3666,0.3629,0.3012,61,20,12.603
promise,32,89,1.1479,3.1866,0.3638,0.3516,0.3714,24,13,4.959
own,59,164,2.1164,5.8719,0.3624,0.3534,0.4797,48,18,9.917
thing,102,284,3.6589,10.1685,0.361,0.3663,0.394,68,23,14.05
break,64,181,2.2958,6.4806,0.356,0.3424,0.3794,48,18,9.917
eyes,97,276,3.4795,9.882,0.3533,0.3467,0.3981,60,20,12.397
being,31,90,1.112,3.2224,0.3487,0.3354,0.318,21,13,4.339
he's,66,192,2.3675,6.8745,0.3461,0.353,0.3678,32,14,6.612
heaven,34,101,1.2196,3.6162,0.3405,0.3147,0.5009,16,8,3.306
little,111,328,3.9817,11.7439,0.3401,0.3242,0.3557,51,21,10.537
fall,87,258,3.1208,9.2375,0.3391,0.3277,0.516,60,21,12.397
always,147,439,5.2731,15.7181,0.3362,0.3343,0.4208,98,24,20.248
maybe,72,223,2.5827,7.9844,0.325,0.3275,0.275,28,14,5.785
cry,46,143,1.6501,5.12,0.3246,0.3317,0.3131,26,10,5.372
remember,37,117,1.3272,4.1891,0.3197,0.2982,0.3256,30,13,6.198
she's,70,221,2.511,7.9128,0.3189,0.3249,0.3363,29,16,5.992
oh,694,2187,24.8947,78.3043,0.3181,0.3072,0.2883,153,25,31.612
sun,35,113,1.2555,4.0459,0.3134,0.3147,0.2751,23,14,4.752
ooh,390,1251,13.9898,44.7913,0.3126,0.3211,0.3787,118,25,24.38
last,85,274,3.0491,9.8104,0.3121,0.3312,0.3922,67,22,13.843
close,36,117,1.2914,4.1891,0.3112,0.3257,0.3341,31,17,6.405
end,74,243,2.6545,8.7005,0.3065,0.2937,0.3389,50,20,10.331
heart,138,453,4.9502,16.2194,0.306,0.313,0.2996,74,22,15.289
there's,97,319,3.4795,11.4216,0.3057,0.3101,0.3193,59,18,12.19
dark,40,133,1.4349,4.762,0.3039,0.3177,0.3105,28,13,5.785
you'll,52,174,1.8653,6.23,0.3014,0.3035,0.2889,37,17,7.645
guess,73,244,2.6186,8.7363,0.3012,0.2964,0.2805,32,18,6.612
sweet,45,155,1.6142,5.5497,0.2932,0.2941,0.3027,29,14,5.992
dreams,31,108,1.112,3.8669,0.2909,0.2856,0.2812,21,13,4.339
stars,30,105,1.0761,3.7595,0.2896,0.2975,0.3536,19,12,3.926
well,91,320,3.2643,11.4574,0.286,0.2795,0.2723,59,21,12.19
are,207,727,7.4254,26.0298,0.2858,0.2989,0.3348,126,23,26.033
i've,140,496,5.022,17.759,0.2835,0.2903,0.2701,72,23,14.876
dream,32,116,1.1479,4.1533,0.2795,0.2634,0.2852,17,10,3.512
blue,35,128,1.2555,4.583,0.2768,0.2675,0.3291,31,17,6.405
things,63,235,2.2599,8.414,0.2701,0.2692,0.2798,50,23,10.331
saw,30,118,1.0761,4.2249,0.2579,0.2731,0.2395,21,8,4.339
far,31,122,1.112,4.3681,0.2576,0.2558,0.2797,27,13,5.579
night,135,548,4.8426,19.6208,0.2475,0.2484,0.2271,73,21,15.083
bed,41,175,1.4707,6.2658,0.2369,0.2402,0.2753,34,16,7.025
you're,328,1389,11.7658,49.7324,0.2369,0.237,0.2406,109,24,22.521
gone,52,225,1.8653,8.056,0.2333,0.255,0.2394,38,14,7.851
we're,60,306,2.1523,10.9562,0.1978,0.2052,0.2,36,13,7.438
gonna,97,497,3.4795,17.7948,0.1963,0.1986,0.2333,60,20,12.397
road,30,157,1.0761,5.6213,0.194,0.1812,0.2482,26,14,5.372
someone,36,191,1.2914,6.8386,0.191,0.1869,0.1922,22,13,4.545
were,54,335,1.9371,11.9945,0.1627,0.1622,0.1562,38,12,7.851
forever,50,332,1.7936,11.8871,0.1522,0.1882,0.2429,21,13,4.339
